Filename,LowerCorner,UpperCorner
111_E_BUILD_94171005_0.gml,185538.077 2488179.148 0.0,186542.057 2488884.724 17.805
111_E_BUILD_94171006_0.gml,186512.684 2486532.411 0.0,189167.165 2488872.238 38.329
111_E_BUILD_94171007_0.gml,189073.308 2486377.431 0.0,190007.804 2488864.289 32.41
111_E_BUILD_94181008_0.gml,192805.099 2541439.466 0.0,194389.847 2542122.33 11.303
111_E_BUILD_94181009_0.gml,194463.952 2541447.171 0.0,196977.328 2544197.368 22.454
111_E_BUILD_94181010_0.gml,196996.63 2541417.955 0.0,199572.343 2544183.632 16.789
111_E_BUILD_94181017_0.gml,191637.505 2538694.809 0.0,191691.701 2538749.777 4.115
111_E_BUILD_94181018_0.gml,191861.473 2538663.436 0.0,194441.178 2541414.658 10.338
111_E_BUILD_94181019_0.gml,194415.303 2538651.758 0.0,196967.457 2541445.812 17.043
111_E_BUILD_94181020_0.gml,197267.247 2538628.325 0.0,199560.801 2541411.393 242.341
111_E_BUILD_94181027_0.gml,190791.581 2535912.771 0.0,191856.805 2538682.05 13.03
111_E_BUILD_94181028_0.gml,191840.489 2535888.642 0.0,194420.106 2538681.115 41.504
111_E_BUILD_94181029_0.gml,194407.11 2535877.919 0.0,196948.469 2538665.602 121.92
111_E_BUILD_94181030_0.gml,197053.39 2535867.246 0.0,199559.118 2538674.398 19.761
111_E_BUILD_94181031_0.gml,173949.597 2533225.161 0.0,176428.17 2533847.344 7.228
111_E_BUILD_94181032_0.gml,176524.32 2533191.659 0.0,178605.583 2533671.957 14.275
111_E_BUILD_94181035_0.gml,184435.017 2533157.33 0.0,186663.443 2534568.301 9.22
111_E_BUILD_94181036_0.gml,187007.263 2533150.104 0.0,189274.655 2535630.302 62.281
111_E_BUILD_94181037_0.gml,189273.561 2533135.87 0.0,191862.788 2535906.702 135.712
111_E_BUILD_94181038_0.gml,191831.99 2533143.063 0.0,194413.251 2535927.502 20.041
111_E_BUILD_94181039_0.gml,194400.391 2533108.006 0.0,196997.8 2535908.527 41.427
111_E_BUILD_94181040_0.gml,196946.629 2533110.635 0.0,199548.876 2535889.328 92.507
111_E_BUILD_94181041_0.gml,173863.434 2530428.016 0.0,176490.749 2533185.752 29.413
111_E_BUILD_94181042_0.gml,176393.598 2530415.775 0.0,179019.315 2533220.418 30.074
111_E_BUILD_94181043_0.gml,180068.871 2530414.819 0.0,181579.665 2532176.458 44.755
111_E_BUILD_94181043_1.gml,178964.318 2530414.146 0.0,181577.632 2533151.579 39.751
111_E_BUILD_94181044_0.gml,181552.936 2530383.691 0.0,184144.164 2532209.296 48.743
111_E_BUILD_94181045_0.gml,184123.615 2530385.742 0.0,186712.659 2533163.852 21.666
111_E_BUILD_94181046_0.gml,186694.414 2530376.641 0.0,189264.334 2533157.816 35.382
111_E_BUILD_94181047_0.gml,189281.196 2530385.949 0.0,191811.68 2533154.818 20.523
111_E_BUILD_94181048_0.gml,191818.097 2530439.454 0.0,194401.923 2533168.443 77.902
111_E_BUILD_94181049_0.gml,194389.338 2530349.454 0.0,196984.45 2533129.049 47.371
111_E_BUILD_94181049_1.gml,194388.535 2530407.023 0.0,196973.131 2533129.172 84.938
111_E_BUILD_94181050_0.gml,196924.687 2530346.882 0.0,199541.3 2533127.087 39.726
111_E_BUILD_94181051_0.gml,173852.612 2527674.195 0.0,175940.797 2530455.429 26.137
111_E_BUILD_94181051_1.gml,173838.835 2527653.16 0.0,175940.804 2530482.166 24.079
111_E_BUILD_94181051_2.gml,173853.254 2527677.176 0.0,176437.184 2530460.499 38.481
111_E_BUILD_94181052_0.gml,176384.865 2527647.249 0.0,179010.154 2530440.346 19.583
111_E_BUILD_94181053_0.gml,178966.232 2527644.683 0.0,181561.347 2530428.107 66.294
111_E_BUILD_94181054_0.gml,181542.619 2527610.828 0.0,184135.341 2530423.373 275.996
111_E_BUILD_94181055_0.gml,184117.551 2527624.227 0.0,186692.038 2530408.063 37.389
111_E_BUILD_94181056_0.gml,186680.879 2527606.019 0.0,189149.663 2530396.183 18.11
111_E_BUILD_94181057_0.gml,189336.782 2527618.045 0.0,191794.261 2530327.859 12.776
111_E_BUILD_94181058_0.gml,192053.208 2527651.034 0.0,194305.857 2529936.302 16.231
111_E_BUILD_94181059_0.gml,194457.007 2527573.249 0.0,196918.901 2530374.304 19.126
111_E_BUILD_94181060_0.gml,196983.242 2527571.051 0.0,199504.163 2530368.994 32.334
111_E_BUILD_94181061_0.gml,173783.967 2524892.302 0.0,176477.745 2527679.173 42.52
111_E_BUILD_94181062_0.gml,176398.281 2524877.173 0.0,179003.78 2527671.96 54.407
111_E_BUILD_94181063_0.gml,178962.228 2524848.651 0.0,181560.77 2527663.71 38.075
111_E_BUILD_94181064_0.gml,181537.422 2524864.375 0.0,184128.366 2527638.156 203.835
111_E_BUILD_94181065_0.gml,184104.582 2524846.376 0.0,186705.906 2527634.401 35.509
111_E_BUILD_94181066_0.gml,186657.966 2524845.022 0.0,189246.309 2527620.973 58.903
111_E_BUILD_94181067_0.gml,189232.652 2524828.066 0.0,191809.662 2527607.068 165.43
111_E_BUILD_94181068_0.gml,191852.135 2524826.436 0.0,194368.988 2527596.143 10.795
111_E_BUILD_94181069_0.gml,194368.66 2524821.929 0.0,196897.696 2527597.208 51.791
111_E_BUILD_94181070_0.gml,196994.486 2525731.562 0.0,199158.873 2527581.338 12.217
111_E_BUILD_94181071_0.gml,173826.317 2522111.817 0.0,176456.32 2524925.902 58.318
111_E_BUILD_94181072_0.gml,176395.672 2522111.42 0.0,179024.651 2524885.12 71.349
111_E_BUILD_94181072_1.gml,176396.701 2522112.338 0.0,179011.774 2524893.289 82.448
111_E_BUILD_94181072_2.gml,176389.564 2522119.36 0.0,178919.644 2524902.55 47.168
111_E_BUILD_94181073_0.gml,178921.974 2522085.439 0.0,181539.82 2524906.178 158.191
111_E_BUILD_94181074_0.gml,181518.472 2522103.205 0.0,184108.999 2524863.689 180.67
111_E_BUILD_94181075_0.gml,184097.155 2522086.667 0.0,186680.108 2524859.969 26.213
111_E_BUILD_94181076_0.gml,186659.786 2522082.795 0.0,189245.809 2524848.747 80.213
111_E_BUILD_94181077_0.gml,189231.058 2522068.711 0.0,191801.335 2524843.748 13.462
111_E_BUILD_94181078_0.gml,191782.177 2522054.552 0.0,194398.415 2524826.657 76.149
111_E_BUILD_94181079_0.gml,194354.696 2522081.104 0.0,195073.677 2524809.442 37.77
111_E_BUILD_94181081_0.gml,173971.725 2519353.049 0.0,176414.998 2522141.27 43.942
111_E_BUILD_94181081_1.gml,173812.949 2519362.86 0.0,176395.835 2522176.631 42.393
111_E_BUILD_94181082_0.gml,176478.378 2520051.517 0.0,178964.984 2521924.721 57.226
111_E_BUILD_94181082_1.gml,176384.125 2519371.181 0.0,178969.921 2522137.392 57.531
111_E_BUILD_94181082_2.gml,176374.298 2519494.702 0.0,178962.288 2522145.502 49.682
111_E_BUILD_94181082_3.gml,176385.947 2519297.996 0.0,178930.932 2521965.526 47.142
111_E_BUILD_94181083_0.gml,178935.183 2519324.596 0.0,181531.524 2522127.329 36.297
111_E_BUILD_94181084_0.gml,181480.043 2519323.94 0.0,184196.173 2522140.579 47.981
111_E_BUILD_94181085_0.gml,184026.943 2519314.232 0.0,186661.378 2522094.01 38.075
111_E_BUILD_94181085_1.gml,184070.077 2519305.504 0.0,186652.899 2522092.425 29.362
111_E_BUILD_94181086_0.gml,186639.274 2519286.251 0.0,189230.498 2522093.111 130.15
111_E_BUILD_94181087_0.gml,189191.132 2519296.749 0.0,191791.619 2522070.147 156.54
111_E_BUILD_94181088_0.gml,191782.649 2519277.895 0.0,194365.576 2522057.321 138.354
111_E_BUILD_94181089_0.gml,194352.95 2521505.269 0.0,194875.913 2522024.814 16.231
111_E_BUILD_94181091_0.gml,173788.659 2516594.871 0.0,176409.84 2519378.335 21.26
111_E_BUILD_94181091_1.gml,173781.799 2516593.391 0.0,176373.135 2519133.926 27.61
111_E_BUILD_94181092_0.gml,176322.912 2516581.281 0.0,179028.909 2519384.973 42.977
111_E_BUILD_94181092_1.gml,176376.727 2516572.272 0.0,178946.652 2518523.049 51.384
111_E_BUILD_94181093_0.gml,178924.408 2516574.828 0.0,181519.701 2519356.695 39.548
111_E_BUILD_94181093_1.gml,178928.159 2516565.921 0.0,181507.976 2517305.761 59.665
111_E_BUILD_94181094_0.gml,181499.019 2516542.725 0.0,184095.785 2519343.336 40.894
111_E_BUILD_94181095_0.gml,184064.151 2516506.735 0.0,186654.423 2519350.431 47.117
111_E_BUILD_94181096_0.gml,186621.494 2516523.71 0.0,189224.014 2519320.896 83.515
111_E_BUILD_94181097_0.gml,189206.161 2516649.591 0.0,191785.758 2519308.437 119.456
111_E_BUILD_94181098_0.gml,191769.454 2516455.512 0.0,193510.827 2519320.092 44.653
111_E_BUILD_94182001_0.gml,173776.667 2513824.403 0.0,176374.338 2516615.342 72.238
111_E_BUILD_94182001_1.gml,174356.608 2513818.695 0.0,176366.155 2515290.314 72.212
111_E_BUILD_94182002_0.gml,176351.764 2513779.041 0.0,178948.06 2516603.158 81.61
111_E_BUILD_94182002_1.gml,176346.439 2513794.569 0.0,178932.528 2515391.538 86.36
111_E_BUILD_94182002_2.gml,176544.185 2514542.607 0.0,177504.829 2514868.409 30.251
111_E_BUILD_94182003_0.gml,178933.439 2513791.005 0.0,181507.832 2516627.464 90.297
111_E_BUILD_94182003_1.gml,179059.668 2513791.98 0.0,181511.239 2515234.955 108.026
111_E_BUILD_94182003_2.gml,178905.129 2513787.561 0.0,181492.019 2515150.534 86.411
111_E_BUILD_94182004_0.gml,181592.007 2513785.09 0.0,184071.118 2516581.322 62.56
111_E_BUILD_94182004_1.gml,181597.29 2513741.037 0.0,184096.297 2516639.859 65.38
111_E_BUILD_94182004_2.gml,181493.367 2513785.576 0.0,184074.866 2516572.766 59.639
111_E_BUILD_94182004_3.gml,181482.899 2513795.759 0.0,182252.619 2516568.813 83.515
111_E_BUILD_94182005_0.gml,184047.072 2513777.812 0.0,186654.229 2516615.715 36.347
111_E_BUILD_94182006_0.gml,186625.277 2513759.743 0.0,189222.095 2516563.608 55.804
111_E_BUILD_94182007_0.gml,189162.265 2513783.661 0.0,191775.833 2516468.912 49.962
111_E_BUILD_94182008_0.gml,191759.147 2513746.808 0.0,193710.448 2516526.641 81.229
111_E_BUILD_94182011_0.gml,173859.07 2512323.047 0.0,176361.952 2513836.657 58.979
111_E_BUILD_94182012_0.gml,176338.162 2511039.863 0.0,178074.342 2513339.926 59.106
111_E_BUILD_94182012_1.gml,176338.084 2511105.48 0.0,178948.744 2513379.698 55.982
111_E_BUILD_94182012_2.gml,176357.28 2511947.505 0.0,178345.037 2513828.504 58.623
111_E_BUILD_94182012_3.gml,176340.672 2512004.772 0.0,178940.57 2513847.083 72.568
111_E_BUILD_94182012_4.gml,176349.679 2511899.933 0.0,178925.145 2513831.245 65.583
111_E_BUILD_94182013_0.gml,178899.247 2510936.699 0.0,181541.122 2513802.793 55.829
111_E_BUILD_94182013_1.gml,178903.541 2511161.392 0.0,181427.961 2513827.663 56.337
111_E_BUILD_94182014_0.gml,181421.467 2510978.687 0.0,184073.2 2513794.515 59.512
111_E_BUILD_94182014_1.gml,181452.208 2510791.357 0.0,184065.557 2513813.352 42.697
111_E_BUILD_94182015_0.gml,184017.037 2510958.857 0.0,186626.425 2513815.153 56.007
111_E_BUILD_94182016_0.gml,186612.015 2510921.836 0.0,189208.771 2513762.859 26.111
111_E_BUILD_94182017_0.gml,189188.684 2510988.732 0.0,191778.947 2513760.458 67.031
111_E_BUILD_94182018_0.gml,191742.267 2510982.956 0.0,193822.511 2513769.779 56.032
111_E_BUILD_94182021_0.gml,176048.736 2508318.952 0.0,176340.148 2509163.775 58.344
111_E_BUILD_94182022_0.gml,176692.162 2508264.591 0.0,178933.714 2511046.776 106.274
111_E_BUILD_94182022_1.gml,176420.084 2508249.559 0.0,178952.591 2511066.636 58.471
111_E_BUILD_94182022_2.gml,176326.949 2508279.213 0.0,178771.539 2511055.959 55.524
111_E_BUILD_94182022_3.gml,176327.283 2508276.161 0.0,177931.053 2510289.731 43.383
111_E_BUILD_94182023_0.gml,179632.499 2508275.052 0.0,181514.848 2511062.863 52.553
111_E_BUILD_94182023_1.gml,178881.049 2508252.147 0.0,181481.621 2511069.148 79.146
111_E_BUILD_94182023_2.gml,178877.767 2508269.068 0.0,180661.835 2510836.922 135.966
111_E_BUILD_94182023_3.gml,178873.219 2508342.406 0.0,181463.862 2511025.317 108.28
111_E_BUILD_94182024_0.gml,181452.103 2508259.165 0.0,184053.941 2510116.239 60.02
111_E_BUILD_94182024_1.gml,181458.638 2508240.262 0.0,184043.306 2511045.131 52.959
111_E_BUILD_94182024_2.gml,182384.48 2508597.533 0.0,184051.771 2511055.804 56.007
111_E_BUILD_94182024_3.gml,181457.959 2508237.321 0.0,184051.498 2511051.343 59.842
111_E_BUILD_94182025_0.gml,184006.215 2508210.437 0.0,186614.894 2511022.279 26.34
111_E_BUILD_94182026_0.gml,186600.165 2508222.645 0.0,189188.845 2511044.736 19.152
111_E_BUILD_94182027_0.gml,189162.553 2508205.59 0.0,191769.392 2510978.554 55.499
111_E_BUILD_94182027_1.gml,189175.646 2509935.471 0.0,191755.983 2511006.965 17.374
111_E_BUILD_94182028_0.gml,191684.826 2508857.065 0.0,192971.054 2510990.699 36.322
111_E_BUILD_94182031_0.gml,173925.153 2505509.678 0.0,176329.614 2507673.12 102.108
111_E_BUILD_94182031_1.gml,174004.984 2505633.574 0.0,176339.396 2507736.008 105.74
111_E_BUILD_94182032_0.gml,176292.997 2505493.455 0.0,178888.021 2507686.465 149.327
111_E_BUILD_94182032_1.gml,176311.049 2505489.239 0.0,178912.032 2508122.052 155.219
111_E_BUILD_94182032_2.gml,176302.3 2505809.581 0.0,178912.275 2508304.256 149.352
111_E_BUILD_94182032_3.gml,176395.419 2506732.591 0.0,178780.639 2508308.61 108.56
111_E_BUILD_94182033_0.gml,178877.938 2505484.03 0.0,181449.568 2508266.895 105.004
111_E_BUILD_94182033_1.gml,178884.64 2505483.526 0.0,181471.395 2508286.209 77.14
111_E_BUILD_94182033_2.gml,178877.132 2505501.633 0.0,181466.498 2508276.648 108.61
111_E_BUILD_94182033_3.gml,178956.517 2505497.715 0.0,181465.452 2508230.684 107.671
111_E_BUILD_94182033_4.gml,178875.486 2505481.396 0.0,181463.323 2508303.291 88.9
111_E_BUILD_94182033_5.gml,178884.623 2506426.272 0.0,180078.143 2508283.085 80.112
111_E_BUILD_94182034_0.gml,181432.736 2505477.66 0.0,184050.39 2508272.938 92.989
111_E_BUILD_94182034_1.gml,181432.318 2505461.891 0.0,187356.049 2508268.751 88.849
111_E_BUILD_94182035_0.gml,183986.327 2505444.49 0.0,186619.61 2508282.154 58.064
111_E_BUILD_94182035_1.gml,184010.264 2505467.542 0.0,186609.733 2508275.191 56.21
111_E_BUILD_94182036_0.gml,186565.437 2505431.524 0.0,189186.358 2508242.932 22.174
111_E_BUILD_94182036_1.gml,186579.072 2505454.108 0.0,189177.457 2508253.232 35.738
111_E_BUILD_94182037_0.gml,189155.511 2505441.447 0.0,191148.825 2508229.435 45.39
111_E_BUILD_94182037_1.gml,189160.605 2505453.965 0.0,191411.465 2508229.705 46.838
111_E_BUILD_94182041_0.gml,173992.994 2502731.087 0.0,176323.787 2505531.757 75.463
111_E_BUILD_94182041_1.gml,173975.629 2502736.13 0.0,176319.212 2505388.333 58.979
111_E_BUILD_94182042_0.gml,176304.467 2502736.392 0.0,178927.455 2505552.357 73.508
111_E_BUILD_94182042_1.gml,176284.067 2502718.045 0.0,178882.347 2505527.118 115.494
111_E_BUILD_94182042_2.gml,176285.842 2502739.394 0.0,178903.577 2505512.597 108.56
111_E_BUILD_94182042_3.gml,176339.126 2503086.593 0.0,178903.474 2505537.125 109.144
111_E_BUILD_94182042_4.gml,176523.629 2502731.843 0.0,178877.55 2504641.726 141.453
111_E_BUILD_94182042_5.gml,176340.105 2502738.922 0.0,178883.019 2505485.298 101.651
111_E_BUILD_94182043_0.gml,178850.589 2503701.904 0.0,181344.587 2505516.861 94.488
111_E_BUILD_94182043_1.gml,179240.459 2502671.031 0.0,181475.326 2505538.375 101.498
111_E_BUILD_94182043_2.gml,178863.83 2502719.313 0.0,181453.126 2505518.033 106.68
111_E_BUILD_94182043_3.gml,178875.564 2503706.744 0.0,181466.139 2505513.572 105.41
111_E_BUILD_94182043_4.gml,178862.795 2502719.252 0.0,181449.331 2505511.225 119.126
111_E_BUILD_94182043_5.gml,178852.942 2502715.63 0.0,181457.175 2505486.353 110.211
111_E_BUILD_94182044_0.gml,181425.696 2502779.424 0.0,184201.167 2505514.469 91.008
111_E_BUILD_94182044_1.gml,181381.511 2502708.189 0.0,184034.533 2505506.902 111.989
111_E_BUILD_94182044_2.gml,181434.179 2502715.747 0.0,184023.897 2505509.247 91.948
111_E_BUILD_94182044_3.gml,181421.731 2502707.671 0.0,184026.694 2505495.635 91.719
111_E_BUILD_94182044_4.gml,182313.316 2502670.269 0.0,184022.62 2505401.216 85.674
111_E_BUILD_94182044_5.gml,181480.83 2502713.026 0.0,184185.531 2505411.859 84.43
111_E_BUILD_94182045_0.gml,183996.605 2502689.599 0.0,186609.161 2505523.949 59.512
111_E_BUILD_94182045_1.gml,183997.08 2502696.619 0.0,186711.433 2505492.331 57.506
111_E_BUILD_94182045_2.gml,184003.916 2502698.647 0.0,186586.568 2505484.146 69.393
111_E_BUILD_94182045_3.gml,184002.656 2502695.757 0.0,186590.135 2505485.262 74.981
111_E_BUILD_94182045_4.gml,184009.747 2502705.551 0.0,186577.985 2505386.558 54.127
111_E_BUILD_94182046_0.gml,186567.506 2502660.565 0.0,189165.396 2505041.476 39.751
111_E_BUILD_94182046_1.gml,186560.374 2502691.274 0.0,189161.545 2505510.388 58.699
111_E_BUILD_94182046_2.gml,186568.786 2502860.946 0.0,189200.4 2505293.929 52.73
111_E_BUILD_94182047_0.gml,189131.987 2502681.663 0.0,191676.953 2505507.399 57.937
111_E_BUILD_94182048_0.gml,191791.409 2502953.62 0.0,191822.318 2503039.572 4.978
111_E_BUILD_94182051_0.gml,174154.334 2499977.624 0.0,176335.506 2502764.255 56.413
111_E_BUILD_94182051_1.gml,174265.839 2499980.081 0.0,176256.297 2501889.136 29.769
111_E_BUILD_94182052_0.gml,176285.436 2499973.403 0.0,178932.503 2502788.559 130.708
111_E_BUILD_94182052_1.gml,176550.937 2501192.986 0.0,178878.337 2502767.507 323.469
111_E_BUILD_94182052_2.gml,176289.049 2499918.104 0.0,178870.485 2502731.095 266.573
111_E_BUILD_94182053_0.gml,178839.094 2499953.334 0.0,181444.392 2502777.848 131.166
111_E_BUILD_94182053_1.gml,178844.937 2499956.27 0.0,181459.17 2502771.008 99.136
111_E_BUILD_94182053_2.gml,178855.09 2500063.385 0.0,181445.708 2502754.392 99.009
111_E_BUILD_94182053_3.gml,178856.138 2499957.937 0.0,181443.742 2501816.008 101.752
111_E_BUILD_94182053_4.gml,178863.835 2499902.695 0.0,181461.019 2502746.864 101.625
111_E_BUILD_94182054_0.gml,181423.564 2499932.085 0.0,184013.157 2502738.824 80.493
111_E_BUILD_94182054_1.gml,181412.285 2499945.895 0.0,184074.421 2502735.017 73.508
111_E_BUILD_94182054_2.gml,181423.121 2499949.689 0.0,184017.307 2502753.884 96.266
111_E_BUILD_94182054_3.gml,181414.774 2499934.857 0.0,184033.383 2502728.304 89.408
111_E_BUILD_94182054_4.gml,181423.322 2499948.682 0.0,184012.391 2502791.263 83.007
111_E_BUILD_94182055_0.gml,183953.581 2499978.71 0.0,186596.492 2502732.203 102.362
111_E_BUILD_94182055_1.gml,183910.153 2499972.579 0.0,186579.317 2502755.141 92.964
111_E_BUILD_94182056_0.gml,186576.188 2499930.017 0.0,188610.225 2502648.797 52.375
111_E_BUILD_94182056_1.gml,186623.51 2499924.609 0.0,189161.932 2502709.477 49.225
111_E_BUILD_94182056_2.gml,186561.038 2499925.156 0.0,188694.266 2502713.886 46.558
111_E_BUILD_94182056_3.gml,186573.509 2499917.025 0.0,189159.266 2502712.688 43.612
111_E_BUILD_94182057_0.gml,189115.778 2499917.173 0.0,191750.515 2502707.238 42.393
111_E_BUILD_94182057_1.gml,189156.881 2499922.206 0.0,191728.559 2501360.35 36.22
111_E_BUILD_94182058_0.gml,191700.343 2500069.173 0.0,192781.602 2500712.289 18.263
111_E_BUILD_94182061_0.gml,175825.821 2499191.281 0.0,176306.916 2499991.15 23.292
111_E_BUILD_94182062_0.gml,176279.024 2497201.524 0.0,178904.792 2500014.129 59.055
111_E_BUILD_94182063_0.gml,178844.15 2497190.358 0.0,181445.662 2500008.669 59.512
111_E_BUILD_94182063_1.gml,178846.771 2497181.666 0.0,181445.662 2499984.345 70.002
111_E_BUILD_94182063_2.gml,178849.22 2497185.51 0.0,181426.899 2499583.045 69.088
111_E_BUILD_94182063_3.gml,178844.564 2497174.591 0.0,181432.723 2499969.735 63.449
111_E_BUILD_94182063_4.gml,178845.255 2497197.299 0.0,181435.618 2499988.889 59.08
111_E_BUILD_94182064_0.gml,181400.755 2497177.435 0.0,184008.906 2499979.663 66.878
111_E_BUILD_94182064_1.gml,181416.705 2498386.746 0.0,184007.119 2499966.27 59.08
111_E_BUILD_94182064_2.gml,181417.411 2497174.682 0.0,184003.153 2499946.188 59.207
111_E_BUILD_94182065_0.gml,183952.225 2498117.049 0.0,186574.467 2499929.186 59.69
111_E_BUILD_94182065_1.gml,183973.554 2497165.093 0.0,186534.12 2499745.473 65.938
111_E_BUILD_94182065_2.gml,184026.511 2497161.23 0.0,186120.023 2497345.55 18.72
111_E_BUILD_94182066_0.gml,186543.904 2497164.563 0.0,189169.21 2499942.421 59.182
111_E_BUILD_94182066_1.gml,186571.523 2497165.931 0.0,189172.267 2499940.956 22.352
111_E_BUILD_94182067_0.gml,189086.654 2497130.059 0.0,191719.976 2499943.101 41.529
111_E_BUILD_94182067_1.gml,189102.098 2497242.237 0.0,191703.515 2499927.265 45.999
111_E_BUILD_94182068_0.gml,191673.767 2497153.338 0.0,193118.855 2499878.275 27.026
111_E_BUILD_94182072_0.gml,177710.834 2495517.036 0.0,178867.721 2497217.7 22.047
111_E_BUILD_94182073_0.gml,178830.615 2494452.632 0.0,181435.411 2497239.322 49.327
111_E_BUILD_94182074_0.gml,181403.925 2495922.375 0.0,184008.501 2497133.903 60.35
111_E_BUILD_94182074_1.gml,181402.991 2494140.423 0.0,184011.837 2497197.488 61.316
111_E_BUILD_94182074_2.gml,181362.934 2495020.57 0.0,184090.643 2496237.041 52.73
111_E_BUILD_94182075_0.gml,183965.367 2495886.619 0.0,186562.88 2497182.373 56.718
111_E_BUILD_94182075_1.gml,183942.949 2494342.954 0.0,186566.67 2497194.811 42.443
111_E_BUILD_94182076_0.gml,186507.994 2494420.258 0.0,189139.61 2497147.922 23.012
111_E_BUILD_94182077_0.gml,189112.337 2494374.045 0.0,191711.876 2497175.682 45.669
111_E_BUILD_94182078_0.gml,191696.879 2494776.097 0.0,192121.58 2497115.77 9.009
111_E_BUILD_94182083_0.gml,180134.552 2492146.677 0.0,181479.158 2493919.674 82.398
111_E_BUILD_94182084_0.gml,181391.536 2491630.454 0.0,184026.477 2494491.153 59.969
111_E_BUILD_94182085_0.gml,183457.537 2491617.138 0.0,186552.341 2495172.539 59.817
111_E_BUILD_94182086_0.gml,186955.853 2491605.043 0.0,189137.967 2494388.538 30.937
111_E_BUILD_94182086_1.gml,186517.417 2492798.285 0.0,189123.821 2494416.334 30.531
111_E_BUILD_94182087_0.gml,189073.078 2491613.938 0.0,191646.908 2494415.841 18.923
111_E_BUILD_94182094_0.gml,183401.071 2490465.668 0.0,183816.631 2490755.331 16.637
111_E_BUILD_94182095_0.gml,183968.192 2488855.609 0.0,186616.036 2491727.857 39.7
111_E_BUILD_94182095_1.gml,183967.547 2490210.648 0.0,184477.49 2490720.263 25.984
111_E_BUILD_94182096_0.gml,186516.898 2488846.576 0.0,189111.951 2491635.003 40.818
111_E_BUILD_94182096_1.gml,186525.032 2488856.026 0.0,189106.996 2491638.339 52.121
111_E_BUILD_94182096_2.gml,186457.659 2488849.082 0.0,189104.011 2491628.965 29.032
111_E_BUILD_94182097_0.gml,189079.738 2488826.914 0.0,189777.789 2491653.368 43.891
111_E_BUILD_94183010_0.gml,172123.822 2513948.489 0.0,173831.643 2516604.292 25.73
111_E_BUILD_94183010_1.gml,172127.424 2513896.89 0.0,173798.918 2516652.732 22.581
111_E_BUILD_94184037_0.gml,165565.434 2533248.849 0.0,166211.602 2535213.304 16.891
111_E_BUILD_94184038_0.gml,166180.19 2533232.696 0.0,168774.441 2535580.428 33.147
111_E_BUILD_94184038_1.gml,166843.023 2533270.185 0.0,168765.893 2535566.366 20.549
111_E_BUILD_94184039_0.gml,168746.297 2533224.01 0.0,171332.617 2534922.584 35.281
111_E_BUILD_94184039_1.gml,168756.691 2533614.108 0.0,171365.968 2534812.171 30.582
111_E_BUILD_94184040_0.gml,171288.427 2533188.949 0.0,172575.726 2533926.741 19.609
111_E_BUILD_94184047_0.gml,165933.797 2532618.391 0.0,166197.524 2533266.728 16.231
111_E_BUILD_94184048_0.gml,166179.799 2530473.79 0.0,168726.574 2533266.99 58.75
111_E_BUILD_94184048_1.gml,166187.562 2530615.308 0.0,168731.86 2533250.085 20.396
111_E_BUILD_94184049_0.gml,168745.024 2530466.911 0.0,171331.323 2533249.96 27.051
111_E_BUILD_94184050_0.gml,171290.229 2530416.331 0.0,173894.31 2533245.23 45.542
111_E_BUILD_94184050_1.gml,171306.265 2530414.689 0.0,173841.645 2533256.91 48.768
111_E_BUILD_94184058_0.gml,167059.325 2527736.742 0.0,168276.648 2530493.145 73.66
111_E_BUILD_94184059_0.gml,168736.305 2527689.341 0.0,171313.22 2530472.501 19.025
111_E_BUILD_94184060_0.gml,171289.614 2527631.701 0.0,173879.447 2530497.445 38.481
111_E_BUILD_94184060_1.gml,171282.467 2527674.205 0.0,173874.63 2530464.89 48.514
111_E_BUILD_94184068_0.gml,167672.432 2525217.328 0.0,168716.255 2527700.384 25.756
111_E_BUILD_94184069_0.gml,168710.406 2524928.693 0.0,171314.632 2527703.375 49.352
111_E_BUILD_94184070_0.gml,171277.511 2524906.808 0.0,173875.907 2527766.169 50.19
111_E_BUILD_94184078_0.gml,168477.253 2523207.194 0.0,168718.34 2524938.754 32786.777
111_E_BUILD_94184079_0.gml,168694.569 2522147.297 0.0,171282.845 2524935.051 24.79
111_E_BUILD_94184080_0.gml,171252.138 2522146.869 0.0,173868.462 2524926.417 36.982
111_E_BUILD_94184089_0.gml,169729.681 2519389.024 0.0,171265.431 2522167.804 18.186
111_E_BUILD_94184090_0.gml,171243.691 2519380.504 0.0,173230.066 2522168.699 26.34
111_E_BUILD_94184090_1.gml,171257.21 2519344.838 0.0,173832.563 2522146.572 16.891
111_E_BUILD_94184099_0.gml,170890.132 2518996.054 0.0,171233.465 2519391.903 6.452
111_E_BUILD_94184100_0.gml,171276.643 2516609.078 0.0,173819.891 2519398.523 19.101
111_E_BUILD_94192090_0.gml,198510.704 2547027.324 0.0,199584.7 2547083.147 3.988
111_E_BUILD_94192099_0.gml,194942.225 2544196.244 0.0,196307.675 2544761.212 10.516
111_E_BUILD_94192100_0.gml,197118.277 2544175.773 0.0,199574.34 2546936.145 14.072
111_E_BUILD_95181013_0.gml,231194.263 2540687.049 0.0,231341.832 2541215.362 6.223
111_E_BUILD_95181061_0.gml,227211.015 2527323.931 0.0,227219.099 2527334.832 13.36
111_E_BUILD_95184001_0.gml,199573.864 2541398.426 0.0,202114.198 2543753.128 54.864
111_E_BUILD_95184002_0.gml,202178.211 2541384.11 0.0,204706.771 2544170.653 16.231
111_E_BUILD_95184003_0.gml,204676.84 2541431.787 0.0,207254.934 2544174.325 15.9
111_E_BUILD_95184004_0.gml,207303.345 2541380.425 0.0,209810.157 2544173.642 18.364
111_E_BUILD_95184005_0.gml,209845.827 2541580.964 0.0,212394.514 2544144.183 13.513
111_E_BUILD_95184006_0.gml,212365.036 2541365.578 0.0,214948.985 2544156.866 19.939
111_E_BUILD_95184007_0.gml,214940.413 2542693.169 0.0,217486.601 2544002.618 9.576
111_E_BUILD_95184008_0.gml,217845.733 2543825.56 0.0,217853.053 2543844.485 4.235
111_E_BUILD_95184009_0.gml,220800.852 2542835.633 0.0,221505.402 2543027.968 13.31
111_E_BUILD_95184011_0.gml,199540.165 2538639.958 0.0,202136.655 2541413.077 32.715
111_E_BUILD_95184012_0.gml,202108.263 2538651.977 0.0,204707.948 2541414.43 20.523
111_E_BUILD_95184013_0.gml,204667.07 2538634.481 0.0,207150.456 2541381.201 19.66
111_E_BUILD_95184014_0.gml,207252.868 2538685.008 0.0,209681.337 2541383.108 10.109
111_E_BUILD_95184015_0.gml,209804.382 2538686.942 0.0,211704.418 2541320.404 9.779
111_E_BUILD_95184016_0.gml,212960.406 2538724.893 0.0,214391.706 2541375.65 13.31
111_E_BUILD_95184017_0.gml,215710.363 2540092.041 0.0,215739.12 2540122.218 9.881
111_E_BUILD_95184018_0.gml,217708.056 2540606.479 0.0,218008.517 2540958.165 12.192
111_E_BUILD_95184021_0.gml,199528.104 2535873.31 0.0,202130.57 2538655.459 41.021
111_E_BUILD_95184022_0.gml,202106.784 2535981.193 0.0,203864.377 2538641.917 16.002
111_E_BUILD_95184023_0.gml,205286.703 2535854.962 0.0,207230.563 2538632.148 10.287
111_E_BUILD_95184024_0.gml,207235.619 2535853.438 0.0,209641.144 2538541.121 22.606
111_E_BUILD_95184025_0.gml,210368.421 2535944.494 0.0,212228.507 2538426.342 13.589
111_E_BUILD_95184026_0.gml,212848.479 2535835.708 0.0,214441.007 2538596.055 13.411
111_E_BUILD_95184027_0.gml,215975.749 2536145.505 0.0,217256.72 2536432.361 16.485
111_E_BUILD_95184028_0.gml,217493.244 2535858.631 0.0,217610.767 2536433.757 6.528
111_E_BUILD_95184031_0.gml,199526.999 2533094.738 0.0,202143.019 2535891.077 97.638
111_E_BUILD_95184032_0.gml,202091.91 2533082.67 0.0,204668.166 2535722.442 41.148
111_E_BUILD_95184033_0.gml,204616.997 2533068.892 0.0,207245.858 2535856.896 52.324
111_E_BUILD_95184034_0.gml,207200.153 2533628.404 0.0,208906.171 2535845.428 10.49
111_E_BUILD_95184035_0.gml,210162.785 2533080.68 0.0,212356.774 2535844.681 16.002
111_E_BUILD_95184036_0.gml,212348.265 2533065.098 0.0,214173.511 2535838.393 23.8
111_E_BUILD_95184037_0.gml,215450.855 2533096.861 0.0,217489.458 2535126.926 12.675
111_E_BUILD_95184038_0.gml,217480.765 2533508.839 0.0,219899.375 2535529.564 12.827
111_E_BUILD_95184039_0.gml,220067.649 2533851.493 0.0,221915.539 2535422.75 19.609
111_E_BUILD_95184041_0.gml,199504.196 2530328.901 0.0,202106.879 2533115.585 22.25
111_E_BUILD_95184042_0.gml,202082.241 2530308.17 0.0,204664.832 2533125.888 29.286
111_E_BUILD_95184043_0.gml,204634.902 2530292.096 0.0,207246.061 2533099.818 54.356
111_E_BUILD_95184044_0.gml,207220.204 2530298.947 0.0,209795.767 2533053.86 18.974
111_E_BUILD_95184045_0.gml,209778.225 2530402.514 0.0,212352.313 2533097.401 51.029
111_E_BUILD_95184046_0.gml,212382.019 2530808.286 0.0,214914.184 2533051.385 10.77
111_E_BUILD_95184047_0.gml,214970.804 2530615.419 0.0,217200.401 2533049.836 76.632
111_E_BUILD_95184048_0.gml,217569.28 2532315.999 0.0,217583.65 2532324.237 6.833
111_E_BUILD_95184049_0.gml,221000.802 2532705.318 0.0,221020.883 2532735.668 6.731
111_E_BUILD_95184050_0.gml,223140.834 2531837.461 0.0,223157.396 2531865.993 6.375
111_E_BUILD_95184051_0.gml,199541.742 2527555.133 0.0,202102.667 2530343.491 18.974
111_E_BUILD_95184052_0.gml,202067.659 2527528.394 0.0,204668.793 2530352.245 27.356
111_E_BUILD_95184053_0.gml,204618.85 2527552.556 0.0,207221.673 2530333.722 22.428
111_E_BUILD_95184054_0.gml,207209.492 2529244.929 0.0,209353.392 2530330.494 70.079
111_E_BUILD_95184061_0.gml,199747.632 2525472.32 0.0,202093.108 2527578.252 22.809
111_E_BUILD_95184062_0.gml,202051.088 2525470.865 0.0,204633.315 2527570.603 23.622
111_E_BUILD_95184063_0.gml,204643.565 2526667.885 0.0,205716.403 2527557.296 29.134
111_E_BUILD_95191018_0.gml,245389.683 2594858.807 0.0,245397.519 2594866.955 2.972
111_E_BUILD_95191026_0.gml,239059.234 2592451.539 0.0,239070.732 2592464.429 2.87
111_E_BUILD_95191046_0.gml,239759.225 2587707.892 0.0,239766.073 2587717.989 3.099
111_E_BUILD_95191050_0.gml,250654.345 2587029.634 0.0,250666.219 2587036.333 3.683
111_E_BUILD_95191055_0.gml,236824.297 2583701.311 0.0,236837.522 2583715.494 2.997
111_E_BUILD_95191083_0.gml,230981.778 2574552.669 0.0,232534.986 2576642.185 16.612
111_E_BUILD_95191084_0.gml,233031.954 2574905.938 0.0,234931.353 2576797.669 8.134
111_E_BUILD_95191086_0.gml,239371.259 2576082.215 0.0,239383.634 2576097.923 5.236
111_E_BUILD_95191087_0.gml,241409.936 2574937.392 0.0,241790.911 2575645.026 10.211
111_E_BUILD_95191093_0.gml,230681.043 2571806.995 0.0,232902.638 2574576.569 22.301
111_E_BUILD_95191094_0.gml,233578.09 2573468.797 0.0,234623.016 2574218.288 15.951
111_E_BUILD_95191097_0.gml,240796.401 2572534.654 0.0,240821.733 2572556.262 4.09
111_E_BUILD_95192002_0.gml,229994.847 2569078.072 0.0,230349.836 2570160.752 7.01
111_E_BUILD_95192003_0.gml,230534.554 2570293.478 0.0,231604.998 2571768.954 23.139
111_E_BUILD_95192004_0.gml,233039.656 2571727.498 0.0,233074.003 2571796.052 9.83
111_E_BUILD_95192012_0.gml,228314.295 2566277.112 0.0,230357.19 2568993.987 11.125
111_E_BUILD_95192013_0.gml,230363.275 2567272.563 0.0,231351.14 2568962.272 13.081
111_E_BUILD_95192021_0.gml,226058.313 2563502.958 0.0,227763.197 2565637.575 14.656
111_E_BUILD_95192022_0.gml,227793.597 2563542.451 0.0,230254.439 2566156.684 12.319
111_E_BUILD_95192031_0.gml,225227.674 2560730.421 0.0,227364.209 2563499.302 17.043
111_E_BUILD_95192032_0.gml,227882.39 2562607.259 0.0,229969.203 2563386.397 9.576
111_E_BUILD_95192033_0.gml,230401.479 2563302.894 0.0,230406.384 2563307.295 7.468
111_E_BUILD_95192041_0.gml,225241.932 2559648.55 0.0,227492.677 2560671.427 12.929
111_E_BUILD_95192042_0.gml,229397.194 2560071.758 0.0,229411.813 2560080.977 16.154
111_E_BUILD_95192061_0.gml,227129.673 2553362.147 0.0,227133.147 2553366.427 4.877
111_E_BUILD_95192062_0.gml,228320.982 2552673.986 0.0,230159.138 2554651.175 13.284
111_E_BUILD_95192071_0.gml,225371.719 2551457.122 0.0,225419.699 2551557.023 8.864
111_E_BUILD_95192081_0.gml,226881.482 2547921.557 0.0,226896.63 2547943.62 22.581
111_E_BUILD_95192082_0.gml,228969.375 2547304.237 0.0,228984.646 2547319.227 3.835
111_E_BUILD_95193006_0.gml,214168.497 2569098.922 0.0,215002.059 2571007.804 13.259
111_E_BUILD_95193007_0.gml,215030.437 2569051.096 0.0,217435.329 2571453.162 9.931
111_E_BUILD_95193008_0.gml,217947.778 2569065.211 0.0,220012.354 2571822.085 149.555
111_E_BUILD_95193009_0.gml,220499.461 2571727.837 0.0,220509.595 2571735.162 2.388
111_E_BUILD_95193017_0.gml,215012.377 2566884.197 0.0,217171.733 2569054.639 443.205
111_E_BUILD_95193018_0.gml,217883.849 2567831.479 0.0,219566.503 2568973.214 19.558
111_E_BUILD_95193028_0.gml,217741.575 2563511.132 0.0,217761.119 2563531.699 3.023
111_E_BUILD_95193035_0.gml,212096.112 2560814.089 0.0,212418.16 2560947.144 6.604
111_E_BUILD_95193036_0.gml,212424.951 2560883.406 0.0,213607.749 2561620.824 16.129
111_E_BUILD_95193037_0.gml,217487.603 2563378.078 0.0,217512.445 2563397.535 3.556
111_E_BUILD_95193038_0.gml,217704.155 2562079.172 0.0,218880.21 2563476.173 12.802
111_E_BUILD_95193040_0.gml,224543.659 2560763.239 0.0,225180.235 2561532.798 7.341
111_E_BUILD_95193044_0.gml,209059.503 2558082.848 0.0,209867.246 2559632.466 6.502
111_E_BUILD_95193045_0.gml,209862.182 2558060.474 0.0,212315.605 2560754.594 10.82
111_E_BUILD_95193046_0.gml,212544.153 2558280.787 0.0,214939.39 2560720.066 10.262
111_E_BUILD_95193047_0.gml,216030.44 2558160.739 0.0,217121.865 2559871.234 13.31
111_E_BUILD_95193048_0.gml,217583.244 2558007.784 0.0,220090.171 2559828.917 10.389
111_E_BUILD_95193049_0.gml,220113.906 2558040.938 0.0,222613.568 2560463.513 13.259
111_E_BUILD_95193050_0.gml,222655.029 2558170.282 0.0,225203.506 2560486.638 10.008
111_E_BUILD_95193054_0.gml,207929.902 2555236.73 0.0,209755.144 2557993.221 12.979
111_E_BUILD_95193055_0.gml,209882.4 2555286.392 0.0,212412.479 2557809.659 13.716
111_E_BUILD_95193056_0.gml,212413.725 2555621.121 0.0,214498.236 2557863.781 7.061
111_E_BUILD_95193057_0.gml,215076.596 2555200.976 0.0,217550.57 2557808.067 278.79
111_E_BUILD_95193058_0.gml,217521.458 2555206.344 0.0,220107.17 2557956.606 295.478
111_E_BUILD_95193059_0.gml,220095.821 2555221.938 0.0,222635.62 2557964.901 527.787
111_E_BUILD_95193060_0.gml,222661.127 2555771.252 0.0,224137.074 2557609.48 12.979
111_E_BUILD_95193063_0.gml,205279.616 2552459.23 0.0,207307.238 2554771.971 22.606
111_E_BUILD_95193064_0.gml,207272.46 2552477.325 0.0,209766.46 2555092.725 43.104
111_E_BUILD_95193065_0.gml,209860.22 2552654.738 0.0,212113.718 2555065.304 16.535
111_E_BUILD_95193066_0.gml,212613.482 2552990.676 0.0,214922.551 2554735.391 13.437
111_E_BUILD_95193067_0.gml,215185.2 2552430.598 0.0,217535.72 2555204.449 17.348
111_E_BUILD_95193068_0.gml,217540.495 2552498.559 0.0,219414.161 2555201.906 112.878
111_E_BUILD_95193069_0.gml,220126.225 2552453.935 0.0,222310.382 2555199.571 10.744
111_E_BUILD_95193070_0.gml,223237.325 2554294.123 0.0,223950.292 2555114.505 10.185
111_E_BUILD_95193071_0.gml,201733.163 2549961.047 0.0,202067.532 2550554.723 12.852
111_E_BUILD_95193072_0.gml,202254.964 2549699.191 0.0,204720.034 2551962.539 13.335
111_E_BUILD_95193073_0.gml,204710.691 2549708.132 0.0,207273.149 2552463.906 22.352
111_E_BUILD_95193074_0.gml,207285.648 2550268.408 0.0,209759.587 2552443.642 12.979
111_E_BUILD_95193075_0.gml,210129.936 2550815.551 0.0,212313.521 2552297.533 13.386
111_E_BUILD_95193076_0.gml,212818.67 2549935.21 0.0,214978.948 2552356.962 17.374
111_E_BUILD_95193077_0.gml,214964.276 2549705.225 0.0,217522.018 2552449.756 28.042
111_E_BUILD_95193078_0.gml,217548.883 2550682.711 0.0,219559.422 2552443.966 17.932
111_E_BUILD_95193079_0.gml,220470.328 2549666.159 0.0,222646.166 2552303.054 388.112
111_E_BUILD_95193080_0.gml,222751.136 2549700.491 0.0,225192.747 2552322.588 21.971
111_E_BUILD_95193081_0.gml,199627.757 2546950.148 0.0,202115.774 2549635.332 10.922
111_E_BUILD_95193082_0.gml,202225.385 2546949.892 0.0,204711.158 2549713.588 15.951
111_E_BUILD_95193083_0.gml,204706.204 2546927.523 0.0,207207.506 2549679.317 16.002
111_E_BUILD_95193084_0.gml,207324.301 2546922.997 0.0,209379.933 2547939.925 10.389
111_E_BUILD_95193085_0.gml,209837.167 2547067.426 0.0,211772.136 2549185.121 13.36
111_E_BUILD_95193086_0.gml,213172.147 2547008.419 0.0,214954.379 2549624.71 12.802
111_E_BUILD_95193087_0.gml,214948.68 2546915.4 0.0,217448.841 2549426.955 567.538
111_E_BUILD_95193088_0.gml,218002.576 2547241.578 0.0,219970.387 2548704.4 16.967
111_E_BUILD_95193089_0.gml,220115.074 2548046.807 0.0,221308.8 2549664.571 775.132
111_E_BUILD_95193090_0.gml,224102.929 2548663.153 0.0,225156.08 2549604.459 13.437
111_E_BUILD_95193091_0.gml,199564.068 2544501.611 0.0,202119.641 2546951.561 20.32
111_E_BUILD_95193092_0.gml,202138.137 2544157.924 0.0,204704.925 2546917.019 13.233
111_E_BUILD_95193093_0.gml,204693.075 2544151.374 0.0,207303.073 2546936.892 19.075
111_E_BUILD_95193094_0.gml,207248.173 2544167.732 0.0,209825.014 2546925.072 16.332
111_E_BUILD_95193095_0.gml,209822.448 2544138.019 0.0,212388.87 2546857.242 15.57
111_E_BUILD_95193096_0.gml,212372.791 2544128.998 0.0,214957.206 2546883.837 19.126
111_E_BUILD_95193097_0.gml,214937.823 2544227.878 0.0,217509.664 2546915.972 431.775
111_E_BUILD_95193098_0.gml,217568.902 2544243.377 0.0,219330.778 2546515.275 16.561
111_E_BUILD_95193099_0.gml,220847.822 2544524.422 0.0,220864.343 2544536.601 3.912
111_E_BUILD_95194078_0.gml,220011.448 2577581.389 0.0,220084.41 2577766.289 3.708
111_E_BUILD_95194079_0.gml,220329.857 2577928.019 0.0,220343.759 2577941.661 26.213
111_E_BUILD_95194087_0.gml,215214.659 2575288.853 0.0,217482.884 2576913.904 13.462
111_E_BUILD_95194088_0.gml,217834.114 2574621.694 0.0,220053.249 2577186.234 13.487
111_E_BUILD_95194089_0.gml,220429.639 2574569.002 0.0,222467.118 2576981.464 261.747
111_E_BUILD_95194096_0.gml,213147.679 2574067.521 0.0,213591.617 2574119.624 4.343
111_E_BUILD_95194097_0.gml,216315.387 2571828.324 0.0,217562.581 2573778.715 13.589
111_E_BUILD_95194098_0.gml,217653.009 2571811.005 0.0,220108.669 2574427.338 48.412
111_E_BUILD_95194099_0.gml,220109.775 2571829.029 0.0,221589.643 2574583.19 25.679
111_E_BUILD_96194031_0.gml,252724.703 2590745.71 0.0,252737.703 2590752.173 3.429
111_E_BUILD_96194061_0.gml,252625.601 2580636.075 0.0,252634.686 2580642.353 3.785
111_E_BUILD__0.gml,176789.812 2499930.548 0.0,182458.206 2502769.732 13.995
111_F_BUILD_96221003_0.gml,282795.024 2762848.824 0.0,283634.225 2763567.509 58.039
111_F_BUILD_96221004_0.gml,283616.632 2762847.505 0.0,286162.234 2763812.703 46.634
111_F_BUILD_96221005_0.gml,286148.633 2762862.283 0.0,288669.174 2764081.172 21.006
111_F_BUILD_96221006_0.gml,288675.256 2762853.063 0.0,291253.719 2765654.237 38.506
111_F_BUILD_96221007_0.gml,291151.431 2762909.795 0.0,293723.229 2765660.46 70.104
111_F_BUILD_96221007_1.gml,291389.885 2762903.59 0.0,293731.407 2765659.639 59.512
111_F_BUILD_96221007_2.gml,291117.574 2762845.042 0.0,293733.569 2765669.366 73.508
111_F_BUILD_96221007_3.gml,291393.659 2763508.899 0.0,293448.603 2765698.662 70.002
111_F_BUILD_96221008_0.gml,293663.796 2762855.373 0.0,296259.612 2765678.314 103.48
111_F_BUILD_96221008_1.gml,293707.445 2762890.942 0.0,296256.883 2765348.265 120.675
111_F_BUILD_96221008_2.gml,293716.411 2762889.556 0.0,296252.105 2765396.245 80.493
111_F_BUILD_96221009_0.gml,296200.381 2762881.604 0.0,298781.598 2765737.726 76.175
111_F_BUILD_96221009_1.gml,296198.714 2763196.296 0.0,298754.98 2765710.802 89.586
111_F_BUILD_96221009_2.gml,296231.366 2762893.33 0.0,298791.578 2765693.513 83.998
111_F_BUILD_96221010_0.gml,298748.381 2762907.221 0.0,301309.268 2765701.487 94.488
111_F_BUILD_96221010_1.gml,298737.318 2762916.477 0.0,301304.907 2765710.617 91.008
111_F_BUILD_96221010_2.gml,300385.505 2762922.097 0.0,301211.126 2765701.642 76.987
111_F_BUILD_96221013_0.gml,282674.848 2760859.554 0.0,283654.117 2762878.505 49.86
111_F_BUILD_96221014_0.gml,283612.188 2760063.739 0.0,286190.216 2762929.547 85.192
111_F_BUILD_96221014_1.gml,283623.182 2760087.007 0.0,285419.77 2762883.118 59.512
111_F_BUILD_96221014_2.gml,283612.159 2760089.637 0.0,285215.909 2762872.264 52.502
111_F_BUILD_96221015_0.gml,286127.781 2760089.505 0.0,288733.6 2762868.533 88.57
111_F_BUILD_96221016_0.gml,288671.6 2760100.454 0.0,291244.04 2762904.522 51.232
111_F_BUILD_96221016_1.gml,288676.118 2760097.703 0.0,290647.907 2762886.601 48.997
111_F_BUILD_96221017_0.gml,291164.584 2760110.542 0.0,293759.912 2762934.81 71.349
111_F_BUILD_96221017_1.gml,291160.306 2760204.339 0.0,293731.58 2762904.819 70.002
111_F_BUILD_96221018_0.gml,293702.514 2760123.786 0.0,296269.666 2762924.322 83.439
111_F_BUILD_96221019_0.gml,296231.885 2760146.172 0.0,298787.867 2762920.565 72.822
111_F_BUILD_96221020_0.gml,298756.333 2760124.944 0.0,301324.092 2762931.292 57.455
111_F_BUILD_96221023_0.gml,282032.585 2757359.189 0.0,283657.912 2759655.107 21.006
111_F_BUILD_96221024_0.gml,283606.359 2757319.191 0.0,286165.939 2760120.952 53.188
111_F_BUILD_96221025_0.gml,286139.03 2757297.965 0.0,288686.431 2760103.5 91.008
111_F_BUILD_96221025_1.gml,286145.241 2757333.938 0.0,288721.811 2760144.182 109.982
111_F_BUILD_96221026_0.gml,288662.723 2757571.563 0.0,291219.238 2760143.64 83.718
111_F_BUILD_96221027_0.gml,291191.234 2757339.264 0.0,293691.38 2760121.915 47.269
111_F_BUILD_96221028_0.gml,293734.228 2757358.112 0.0,296269.638 2760130.295 84.811
111_F_BUILD_96221029_0.gml,296244.539 2757377.721 0.0,298776.286 2760126.165 56.007
111_F_BUILD_96221030_0.gml,298782.003 2757419.234 0.0,301318.949 2760158.005 66.497
111_F_BUILD_96221030_1.gml,298898.072 2759833.14 0.0,300854.619 2760156.767 38.506
111_F_BUILD_96221033_0.gml,282188.063 2754925.189 0.0,283644.089 2757321.464 25.298
111_F_BUILD_96221034_0.gml,283647.58 2754553.397 0.0,286185.629 2757307.389 48.997
111_F_BUILD_96221035_0.gml,286149.672 2754550.296 0.0,288691.737 2757357.132 48.997
111_F_BUILD_96221036_0.gml,288684.653 2754649.122 0.0,291207.473 2757355.075 29.693
111_F_BUILD_96221037_0.gml,291230.586 2754584.908 0.0,293748.622 2757369.499 28.88
111_F_BUILD_96221038_0.gml,293736.291 2754585.841 0.0,296267.186 2757361.084 23.419
111_F_BUILD_96221039_0.gml,296275.812 2754596.109 0.0,298742.856 2757295.132 18.771
111_F_BUILD_96221040_0.gml,299262.23 2754640.693 0.0,301329.508 2757013.933 20.295
111_F_BUILD_96221043_0.gml,283642.735 2754146.146 0.0,283648.261 2754150.109 13.691
111_F_BUILD_96221044_0.gml,283638.821 2752739.944 0.0,285967.593 2754565.858 13.665
111_F_BUILD_96221045_0.gml,286172.986 2751843.263 0.0,288708.843 2754584.293 35.001
111_F_BUILD_96221046_0.gml,288693.899 2751801.863 0.0,291117.648 2754567.16 20.015
111_F_BUILD_96221047_0.gml,291497.453 2751823.657 0.0,293726.713 2754569.788 23.038
111_F_BUILD_96221048_0.gml,293753.46 2751818.754 0.0,296276.124 2754598.326 19.71
111_F_BUILD_96221049_0.gml,296281.617 2751951.693 0.0,298761.984 2754596.323 16.078
111_F_BUILD_96221050_0.gml,299295.423 2752016.146 0.0,301335.667 2754592.684 26.314
111_F_BUILD_96221054_0.gml,284966.037 2749030.612 0.0,286198.19 2751627.976 23.266
111_F_BUILD_96221055_0.gml,286172.667 2749034.881 0.0,288701.122 2751678.565 23.063
111_F_BUILD_96221056_0.gml,288721.916 2749071.595 0.0,291243.122 2751804.709 22.733
111_F_BUILD_96221057_0.gml,291227.617 2749080.936 0.0,293765.364 2751811.326 19.939
111_F_BUILD_96221058_0.gml,293758.489 2749047.185 0.0,296276.481 2751817.698 22.504
111_F_BUILD_96221059_0.gml,296720.26 2749178.49 0.0,297401.562 2749636.339 13.183
111_F_BUILD_96221064_0.gml,284008.241 2748521.4 0.0,286188.283 2748962.752 10.465
111_F_BUILD_96221065_0.gml,286183.539 2747670.295 0.0,288562.457 2749023.59 15.85
111_F_BUILD_96221066_0.gml,288882.899 2748054.639 0.0,291226.215 2748893.46 9.83
111_F_BUILD_96221067_0.gml,291755.243 2747215.074 0.0,293708.522 2749029.124 15.57
111_F_BUILD_96221068_0.gml,293775.958 2746501.682 0.0,296266.548 2749058.24 23.317
111_F_BUILD_96221069_0.gml,296309.415 2748037.293 0.0,296886.953 2748724.756 11.811
111_F_BUILD_96221070_0.gml,301033.262 2746443.839 0.0,301330.142 2747033.103 9.576
111_F_BUILD_96221078_0.gml,295382.091 2746048.571 0.0,295461.44 2746176.061 6.68
111_F_BUILD_96221080_0.gml,301026.86 2743828.851 0.0,301031.013 2743832.946 2.667
111_F_BUILD_96221089_0.gml,298118.737 2740780.56 0.0,298797.784 2741408.777 13.36
111_F_BUILD_96221090_0.gml,298988.086 2740824.006 0.0,301334.493 2743514.264 19.685
111_F_BUILD_96231090_0.gml,299770.11 2796152.902 0.0,301173.269 2796810.654 17.501
111_F_BUILD_96231099_0.gml,296312.499 2793350.261 0.0,298665.741 2795728.083 55.016
111_F_BUILD_96231100_0.gml,298649.517 2793365.699 0.0,301184.64 2796148.537 56.769
111_F_BUILD_96232008_0.gml,294442.827 2790607.703 0.0,296156.6 2793231.199 42.012
111_F_BUILD_96232009_0.gml,296140.399 2790591.745 0.0,298678.081 2793387.406 48.997
111_F_BUILD_96232010_0.gml,298663.276 2790599.138 0.0,301193.972 2793382.435 42.596
111_F_BUILD_96232017_0.gml,292947.643 2787848.206 0.0,293646.002 2789101.123 70.002
111_F_BUILD_96232018_0.gml,293573.359 2787787.837 0.0,296175.738 2790596.888 57.099
111_F_BUILD_96232019_0.gml,296153.719 2787817.859 0.0,298694.925 2790611.795 38.506
111_F_BUILD_96232020_0.gml,298671.789 2787829.38 0.0,301191.119 2790609.428 62.865
111_F_BUILD_96232027_0.gml,291139.11 2785136.546 0.0,293661.62 2787819.033 108.966
111_F_BUILD_96232028_0.gml,293647.688 2785045.182 0.0,296167.494 2787824.587 109.906
111_F_BUILD_96232028_1.gml,293652.965 2785022.065 0.0,296173.713 2787834.447 109.347
111_F_BUILD_96232028_2.gml,293655.811 2785042.233 0.0,295430.832 2787741.245 83.998
111_F_BUILD_96232029_0.gml,296159.97 2785103.124 0.0,298696.303 2787832.704 42.113
111_F_BUILD_96232030_0.gml,298675.584 2785061.581 0.0,301204.398 2787847.429 48.997
111_F_BUILD_96232036_0.gml,289113.845 2782251.476 0.0,291152.352 2784326.615 59.436
111_F_BUILD_96232037_0.gml,291123.409 2782282.958 0.0,293683.282 2784603.79 59.411
111_F_BUILD_96232038_0.gml,293655.265 2782275.605 0.0,296179.881 2785057.463 161.036
111_F_BUILD_96232038_1.gml,293634.526 2782288.935 0.0,296201.816 2785059.758 161.061
111_F_BUILD_96232039_0.gml,296145.205 2782282.957 0.0,298703.237 2785050.532 140.792
111_F_BUILD_96232040_0.gml,298690.559 2782737.744 0.0,299933.253 2785056.029 135.458
111_F_BUILD_96232042_0.gml,280302.971 2779502.221 0.0,280996.697 2779712.179 4.496
111_F_BUILD_96232043_0.gml,283280.54 2779475.536 0.0,283584.133 2779548.594 7.01
111_F_BUILD_96232044_0.gml,283586.254 2779474.495 0.0,286105.879 2780537.081 12.649
111_F_BUILD_96232045_0.gml,286132.247 2779484.444 0.0,288625.832 2781677.792 60.02
111_F_BUILD_96232046_0.gml,288599.726 2779495.088 0.0,291147.278 2782280.852 76.175
111_F_BUILD_96232047_0.gml,291156.542 2779502.508 0.0,293669.881 2782227.57 29.312
111_F_BUILD_96232048_0.gml,293649.254 2779505.656 0.0,296166.902 2782284.095 109.271
111_F_BUILD_96232049_0.gml,296188.855 2779585.536 0.0,298495.342 2782290.91 109.906
111_F_BUILD_96232049_1.gml,296241.492 2779585.182 0.0,298489.079 2782298.073 108.839
111_F_BUILD_96232052_0.gml,278583.637 2777050.681 0.0,281061.883 2779477.811 95.682
111_F_BUILD_96232053_0.gml,281066.32 2776717.885 0.0,283616.443 2779475.689 19.609
111_F_BUILD_96232054_0.gml,283572.017 2776705.05 0.0,286112.301 2779486.854 30.404
111_F_BUILD_96232055_0.gml,286106.515 2776704.428 0.0,288674.983 2779500.156 19.431
111_F_BUILD_96232056_0.gml,288610.148 2776707.492 0.0,291165.862 2779504.584 16.764
111_F_BUILD_96232057_0.gml,291142.023 2776713.219 0.0,293707.875 2779506.772 19.761
111_F_BUILD_96232058_0.gml,293633.021 2776710.703 0.0,296201.21 2779529.609 78.74
111_F_BUILD_96232059_0.gml,296199.525 2776742.606 0.0,297346.581 2778599.619 20.447
111_F_BUILD_96232062_0.gml,280549.418 2776625.137 0.0,280560.992 2776637.683 4.978
111_F_BUILD_96232063_0.gml,282335.841 2775679.579 0.0,283591.831 2776708.545 16.612
111_F_BUILD_96232064_0.gml,283588.446 2773939.617 0.0,286130.441 2776719.555 43.231
111_F_BUILD_96232065_0.gml,286077.237 2773915.54 0.0,288656.466 2776714.842 138.608
111_F_BUILD_96232065_1.gml,286099.906 2773931.836 0.0,288653.464 2776729.35 108.433
111_F_BUILD_96232066_0.gml,288623.323 2773963.46 0.0,291207.747 2776760.001 56.921
111_F_BUILD_96232066_1.gml,288630.917 2773944.196 0.0,291149.904 2776729.154 57.099
111_F_BUILD_96232067_0.gml,291098.033 2773950.226 0.0,293696.541 2776755.205 80.493
111_F_BUILD_96232068_0.gml,293656.713 2773931.486 0.0,296230.814 2776745.94 90.068
111_F_BUILD_96232068_1.gml,293677.563 2773938.254 0.0,296220.3 2776742.679 62.992
111_F_BUILD_96232069_0.gml,296191.479 2773981.186 0.0,298725.564 2776737.845 59.512
111_F_BUILD_96232069_1.gml,296197.418 2773961.023 0.0,298750.613 2776725.714 95.86
111_F_BUILD_96232069_2.gml,296194.395 2774269.564 0.0,298759.505 2776738.627 102.895
111_F_BUILD_96232069_3.gml,296185.79 2774535.152 0.0,298763.432 2776546.599 108.915
111_F_BUILD_96232069_4.gml,296193.254 2773965.269 0.0,298752.635 2776741.189 108.788
111_F_BUILD_96232069_5.gml,296194.321 2773981.339 0.0,298733.306 2776296.765 56.337
111_F_BUILD_96232070_0.gml,298698.585 2773964.469 0.0,300768.65 2776342.642 77.14
111_F_BUILD_96232070_1.gml,298664.489 2774229.363 0.0,300638.814 2776334.047 108.483
111_F_BUILD_96232070_2.gml,298721.382 2773985.206 0.0,300727.728 2775698.878 98.603
111_F_BUILD_96232074_0.gml,284541.714 2773151.216 0.0,286128.505 2773949.661 56.109
111_F_BUILD_96232075_0.gml,286116.04 2773075.671 0.0,288649.04 2773978.117 118.796
111_F_BUILD_96232076_0.gml,288638.526 2771202.064 0.0,291179.241 2773961.383 39.497
111_F_BUILD_96232077_0.gml,291122.124 2771164.987 0.0,293731.622 2773976.531 59.512
111_F_BUILD_96232077_1.gml,291219.119 2772900.778 0.0,293705.288 2773986.373 65.176
111_F_BUILD_96232078_0.gml,293649.362 2771181.248 0.0,296251.805 2774016.539 183.464
111_F_BUILD_96232078_1.gml,293679.431 2771174.691 0.0,296232.49 2773970.527 73.508
111_F_BUILD_96232079_0.gml,296954.606 2771922.701 0.0,298780.698 2773994.103 175.311
111_F_BUILD_96232079_1.gml,296162.086 2771193.984 0.0,298765.214 2773995.195 98.476
111_F_BUILD_96232079_2.gml,296206.294 2771188.787 0.0,297599.29 2773982.876 73.508
111_F_BUILD_96232080_0.gml,298700.57 2771702.662 0.0,300928.192 2773993.49 109.118
111_F_BUILD_96232080_1.gml,298707.155 2771922.908 0.0,300861.327 2773690.558 108.026
111_F_BUILD_96232080_2.gml,298722.318 2773300.781 0.0,300926.434 2774007.682 62.738
111_F_BUILD_96232080_3.gml,298713.187 2771214.374 0.0,300916.821 2773970.255 139.852
111_F_BUILD_96232080_4.gml,298734.208 2771286.44 0.0,300804.306 2773999.666 115.494
111_F_BUILD_96232086_0.gml,289765.958 2768913.393 0.0,291267.025 2771215.002 23.317
111_F_BUILD_96232087_0.gml,291165.201 2768414.706 0.0,293741.41 2771226.635 131.699
111_F_BUILD_96232087_1.gml,291387.677 2768375.095 0.0,293725.733 2770385.287 62.992
111_F_BUILD_96232087_2.gml,292960.562 2768412.205 0.0,293711.301 2769945.072 45.491
111_F_BUILD_96232088_0.gml,293649.047 2768407.648 0.0,296242.072 2771230.465 94.615
111_F_BUILD_96232088_1.gml,293689.541 2768420.58 0.0,296202.234 2771217.556 59.512
111_F_BUILD_96232088_2.gml,294392.583 2769419.078 0.0,295921.83 2771229.528 76.987
111_F_BUILD_96232088_3.gml,294865.382 2769431.7 0.0,295905.724 2770379.46 45.491
111_F_BUILD_96232089_0.gml,296223.819 2768440.378 0.0,298758.659 2769884.631 132.994
111_F_BUILD_96232089_1.gml,296213.103 2768425.322 0.0,298755.579 2771225.152 184.328
111_F_BUILD_96232089_2.gml,296202.007 2768443.057 0.0,298760.418 2771217.853 117.526
111_F_BUILD_96232090_0.gml,298724.659 2768441.188 0.0,300477.937 2771219.284 48.997
111_F_BUILD_96232096_0.gml,289569.852 2765708.147 0.0,291251.071 2768409.044 39.091
111_F_BUILD_96232097_0.gml,291179.972 2765648.658 0.0,293723.803 2768449.718 98.4
111_F_BUILD_96232097_1.gml,291170.721 2765659.846 0.0,293731.873 2768455.431 66.497
111_F_BUILD_96232097_2.gml,291383.62 2765641.173 0.0,293595.417 2767662.363 80.493
111_F_BUILD_96232098_0.gml,293722.852 2765651.436 0.0,296239.432 2768441.652 90.932
111_F_BUILD_96232098_1.gml,293705.051 2765644.746 0.0,296268.17 2768445.832 107.112
111_F_BUILD_96232098_2.gml,293687.442 2765806.788 0.0,296276.26 2768469.307 105.588
111_F_BUILD_96232099_0.gml,296231.382 2765667.035 0.0,298758.364 2768456.178 122.504
111_F_BUILD_96232099_1.gml,296215.875 2765660.443 0.0,298749.864 2768450.119 108.509
111_F_BUILD_96232099_2.gml,296211.01 2765644.651 0.0,298778.975 2768345.67 106.02
111_F_BUILD_96232099_3.gml,296207.884 2766043.701 0.0,298761.604 2768476.405 217.576
111_F_BUILD_96232099_4.gml,296173.219 2765899.911 0.0,298773.814 2768468.789 108.509
111_F_BUILD_96232099_5.gml,296366.334 2765669.682 0.0,298782.907 2768469.966 76.987
111_F_BUILD_96232100_0.gml,298741.251 2765659.711 0.0,301300.197 2768454.743 107.899
111_F_BUILD_96232100_1.gml,298685.944 2765661.554 0.0,301318.719 2768458.195 106.121
111_F_BUILD_96232100_2.gml,300399.57 2765680.055 0.0,301160.471 2766351.565 62.992
111_F_BUILD_97221001_0.gml,326550.543 2763047.595 0.0,328551.161 2765782.282 13.538
111_F_BUILD_97221002_0.gml,329227.525 2763139.718 0.0,331389.116 2765597.891 9.042
111_F_BUILD_97221003_0.gml,331694.058 2763082.947 0.0,334052.876 2765826.905 13.03
111_F_BUILD_97221004_0.gml,334111.326 2763127.832 0.0,336613.939 2765846.444 12.979
111_F_BUILD_97221005_0.gml,337194.686 2763099.45 0.0,339144.469 2765735.493 10.312
111_F_BUILD_97221006_0.gml,339181.075 2763107.936 0.0,341671.112 2765674.066 10.185
111_F_BUILD_97221007_0.gml,341715.599 2764135.314 0.0,343906.646 2765882.036 10.338
111_F_BUILD_97221008_0.gml,344207.151 2764984.698 0.0,346316.849 2765912.183 7.01
111_F_BUILD_97221009_0.gml,347317.646 2764628.669 0.0,348857.912 2765746.571 7.01
111_F_BUILD_97221011_0.gml,326545.752 2760455.048 0.0,329066.776 2763020.715 20.142
111_F_BUILD_97221012_0.gml,329092.659 2760278.918 0.0,331366.394 2762987.652 19.228
111_F_BUILD_97221013_0.gml,331820.275 2760418.437 0.0,333610.499 2763076.765 16.688
111_F_BUILD_97221014_0.gml,334200.709 2760480.592 0.0,335694.182 2762878.246 13.157
111_F_BUILD_97221015_0.gml,337683.127 2762290.528 0.0,338456.948 2762816.786 10.465
111_F_BUILD_97221016_0.gml,339211.059 2762435.816 0.0,340564.022 2763042.869 9.55
111_F_BUILD_97221021_0.gml,327296.648 2758696.797 0.0,329065.796 2760276.012 16.84
111_F_BUILD_97221022_0.gml,330015.894 2759008.647 0.0,331417.035 2760242.553 4.687
111_F_BUILD_97221023_0.gml,331836.117 2757626.559 0.0,334128.392 2760205.122 10.998
111_F_BUILD_97221024_0.gml,334128.921 2757756.475 0.0,335074.205 2759477.156 9.982
111_F_BUILD_97221031_0.gml,326648.776 2754747.118 0.0,327465.783 2756668.408 7.9
111_F_BUILD_97221034_0.gml,334622.519 2756981.416 0.0,334705.418 2757042.314 4.88
111_F_BUILD_97221041_0.gml,326657.613 2752090.168 0.0,328227.898 2752391.283 10.058
111_F_BUILD_97221051_0.gml,327970.202 2751077.28 0.0,328299.904 2751838.518 8.82
111_F_BUILD_97224001_0.gml,301271.126 2762938.379 0.0,303796.297 2765711.842 140.005
111_F_BUILD_97224001_1.gml,301272.575 2762893.128 0.0,303851.729 2765695.563 143.51
111_F_BUILD_97224001_2.gml,301255.638 2762914.165 0.0,303826.655 2765700.971 94.488
111_F_BUILD_97224002_0.gml,303797.202 2762919.484 0.0,306143.754 2765187.085 129.489
111_F_BUILD_97224002_1.gml,303785.865 2762900.869 0.0,304910.403 2764638.847 122.504
111_F_BUILD_97224004_0.gml,310599.519 2763409.71 0.0,311386.742 2765730.352 13.538
111_F_BUILD_97224005_0.gml,311382.129 2763023.25 0.0,313907.543 2765766.212 29.997
111_F_BUILD_97224006_0.gml,314404.698 2762979.754 0.0,316443.862 2765782.599 36.017
111_F_BUILD_97224007_0.gml,316425.659 2762988.176 0.0,318963.444 2765756.971 22.784
111_F_BUILD_97224008_0.gml,318963.678 2762998.81 0.0,321479.499 2765782.602 20.091
111_F_BUILD_97224009_0.gml,321497.161 2763177.909 0.0,324001.77 2765768.27 16.688
111_F_BUILD_97224010_0.gml,324021.524 2763027.804 0.0,326482.626 2765749.181 16.662
111_F_BUILD_97224011_0.gml,301291.74 2760122.196 0.0,303849.368 2762946.072 132.969
111_F_BUILD_97224011_1.gml,301284.17 2760261.156 0.0,302672.743 2762849.356 83.998
111_F_BUILD_97224012_0.gml,303721.378 2760166.453 0.0,306372.756 2762944.626 115.494
111_F_BUILD_97224012_1.gml,303810.602 2760183.19 0.0,305658.697 2762945.572 118.999
111_F_BUILD_97224013_0.gml,306329.26 2760174.564 0.0,308885.125 2762173.638 59.512
111_F_BUILD_97224014_0.gml,308874.294 2760171.168 0.0,311416.06 2761909.402 23.241
111_F_BUILD_97224015_0.gml,311407.128 2760228.083 0.0,313927.531 2762815.415 19.761
111_F_BUILD_97224016_0.gml,313917.936 2760225.581 0.0,316444.999 2762986.078 22.962
111_F_BUILD_97224017_0.gml,316451.165 2760213.97 0.0,318969.625 2762994.776 50.495
111_F_BUILD_97224018_0.gml,318952.873 2760233.004 0.0,321482.871 2762998.859 18.618
111_F_BUILD_97224019_0.gml,321492.821 2760249.966 0.0,324024.804 2762935.681 17.12
111_F_BUILD_97224020_0.gml,324012.094 2760291.51 0.0,326536.983 2763031.877 16.332
111_F_BUILD_97224021_0.gml,301295.1 2757378.855 0.0,303847.639 2760179.727 33.63
111_F_BUILD_97224022_0.gml,303825.341 2757384.249 0.0,306366.728 2760165.26 48.997
111_F_BUILD_97224023_0.gml,306354.414 2757497.258 0.0,308883.872 2760174.769 16.815
111_F_BUILD_97224024_0.gml,308882.172 2757954.732 0.0,311130.02 2760174.525 22.53
111_F_BUILD_97224025_0.gml,311888.752 2757504.591 0.0,313933.657 2760192.626 12.675
111_F_BUILD_97224026_0.gml,313933.979 2757625.646 0.0,316423.088 2760204.328 23.012
111_F_BUILD_97224027_0.gml,316460.031 2758112.571 0.0,318999.892 2760215.812 17.17
111_F_BUILD_97224028_0.gml,318985.833 2757462.58 0.0,321516.7 2760237.928 19.609
111_F_BUILD_97224029_0.gml,321508.834 2757491.873 0.0,324037.815 2760259.621 19.939
111_F_BUILD_97224030_0.gml,324031.132 2757695.285 0.0,326466.353 2760260.007 16.637
111_F_BUILD_97224031_0.gml,301314.873 2754625.814 0.0,303854.976 2757392.868 20.498
111_F_BUILD_97224032_0.gml,303849.69 2754609.103 0.0,306380.293 2757405.789 35.992
111_F_BUILD_97224033_0.gml,306373.622 2754632.383 0.0,308811.763 2757380.237 17.145
111_F_BUILD_97224037_0.gml,317328.877 2754782.136 0.0,318998.533 2757395.256 23.47
111_F_BUILD_97224038_0.gml,318992.489 2755332.614 0.0,321529.63 2757463.023 20.015
111_F_BUILD_97224039_0.gml,321512.555 2754860.138 0.0,323494.601 2757476.244 13.487
111_F_BUILD_97224040_0.gml,325374.573 2754845.61 0.0,326561.908 2757465.415 16.713
111_F_BUILD_97224041_0.gml,301325.656 2751921.009 0.0,303859.274 2754621.447 23.012
111_F_BUILD_97224042_0.gml,303863.871 2751871.013 0.0,306319.354 2754633.808 22.581
111_F_BUILD_97224043_0.gml,306436.654 2752932.461 0.0,308358.643 2754628.318 16.459
111_F_BUILD_97224044_0.gml,309483.185 2754384.811 0.0,309497.304 2754399.234 2.718
111_F_BUILD_97224046_0.gml,316332.298 2753394.152 0.0,316350.319 2753422.531 10.49
111_F_BUILD_97224047_0.gml,317068.998 2752731.875 0.0,317811.621 2753862.349 9.322
111_F_BUILD_97224049_0.gml,321670.46 2753543.003 0.0,324039.842 2754507.808 13.437
111_F_BUILD_97224050_0.gml,324054.613 2752257.706 0.0,326595.284 2754708.732 13.106
111_F_BUILD_97224051_0.gml,302026.898 2751643.368 0.0,302036.25 2751652.593 7.036
111_F_BUILD_97224052_0.gml,304067.265 2749065.728 0.0,306403.364 2751861.594 23.317
111_F_BUILD_97224053_0.gml,306395.844 2749246.847 0.0,307740.072 2750378.988 10.49
111_F_BUILD_97224054_0.gml,309026.235 2749138.678 0.0,309318.372 2749473.171 22.987
111_F_BUILD_97224059_0.gml,323841.432 2749979.527 0.0,323871.742 2749997.271 2.515
111_F_BUILD_97224061_0.gml,301483.116 2746314.875 0.0,303524.911 2748457.991 26.213
111_F_BUILD_97224062_0.gml,303951.993 2748248.771 0.0,306244.979 2749096.222 20.879
111_F_BUILD_97224063_0.gml,306854.999 2749001.677 0.0,306872.183 2749018.968 4.621
111_F_BUILD_97224064_0.gml,309135.115 2748913.167 0.0,309185.72 2749108.543 5.882
111_F_BUILD_97224065_0.gml,312116.522 2748845.011 0.0,312141.997 2748863.633 3.81
111_F_BUILD_97224066_0.gml,315111.047 2747606.25 0.0,315520.148 2747979.279 6.883
111_F_BUILD_97224071_0.gml,301561.771 2744843.169 0.0,302283.626 2746228.388 15.977
111_F_BUILD_97224081_0.gml,301613.282 2741021.693 0.0,301635.144 2741036.802 13.208
111_F_BUILD_97224094_0.gml,308992.912 2739251.152 0.0,309439.732 2739958.135 5.073
111_F_BUILD_97232042_0.gml,330570.247 2779696.436 0.0,331443.135 2780973.997 17.501
111_F_BUILD_97232043_0.gml,331614.782 2779687.392 0.0,333966.273 2781015.567 45.491
111_F_BUILD_97232044_0.gml,334038.669 2779720.893 0.0,335922.089 2780137.648 7.841
111_F_BUILD_97232045_0.gml,336749.477 2779711.681 0.0,337709.748 2779866.479 21.006
111_F_BUILD_97232047_0.gml,342043.981 2779754.564 0.0,343135.706 2780387.353 17.501
111_F_BUILD_97232051_0.gml,326485.442 2776885.711 0.0,328988.025 2779132.43 24.511
111_F_BUILD_97232052_0.gml,328987.12 2776871.322 0.0,331506.204 2779621.984 42.012
111_F_BUILD_97232053_0.gml,331485.992 2776919.892 0.0,334010.101 2779703.432 35.001
111_F_BUILD_97232054_0.gml,334006.875 2777068.775 0.0,336534.328 2779697.525 24.511
111_F_BUILD_97232055_0.gml,336531.994 2777499.776 0.0,338861.124 2779723.598 21.006
111_F_BUILD_97232056_0.gml,339273.494 2779065.194 0.0,340665.391 2779629.419 24.511
111_F_BUILD_97232057_0.gml,341874.587 2777187.764 0.0,342988.342 2779752.077 17.501
111_F_BUILD_97232061_0.gml,326698.418 2774840.321 0.0,329012.512 2776903.565 24.511
111_F_BUILD_97232062_0.gml,328947.395 2774147.837 0.0,330982.681 2776925.807 27.991
111_F_BUILD_97232063_0.gml,331566.677 2774387.698 0.0,334030.427 2776791.362 13.995
111_F_BUILD_97232064_0.gml,334021.063 2774164.047 0.0,336513.798 2776917.289 13.995
111_F_BUILD_97232065_0.gml,338129.015 2774590.183 0.0,339073.232 2776566.979 9.119
111_F_BUILD_97232066_0.gml,340093.472 2774200.666 0.0,341603.836 2776896.682 7.01
111_F_BUILD_97232067_0.gml,341592.248 2774213.391 0.0,342777.247 2776915.835 9.982
111_F_BUILD_97232071_0.gml,326492.119 2771364.319 0.0,329010.904 2773943.324 30.15
111_F_BUILD_97232072_0.gml,329004.156 2771371.371 0.0,331510.27 2774088.326 13.005
111_F_BUILD_97232073_0.gml,331553.744 2771737.794 0.0,334000.945 2773913.26 12.979
111_F_BUILD_97232074_0.gml,334134.437 2771399.208 0.0,336570.603 2774171.018 13.157
111_F_BUILD_97232075_0.gml,336570.423 2771395.338 0.0,339097.271 2774186.481 13.818
111_F_BUILD_97232076_0.gml,339142.18 2771429.444 0.0,341598.839 2774192.219 12.548
111_F_BUILD_97232077_0.gml,341649.588 2771410.907 0.0,343985.958 2774218.892 29.007
111_F_BUILD_97232081_0.gml,326494.671 2768727.398 0.0,329027.905 2771363.773 16.942
111_F_BUILD_97232082_0.gml,329018.467 2768765.193 0.0,330661.716 2771358.386 10.49
111_F_BUILD_97232083_0.gml,331587.114 2768629.302 0.0,334080.626 2771207.84 14.173
111_F_BUILD_97232084_0.gml,334056.748 2768797.337 0.0,336596.266 2771301.632 19.812
111_F_BUILD_97232085_0.gml,336578.671 2768650.621 0.0,339110.515 2771410.224 24.511
111_F_BUILD_97232086_0.gml,339105.958 2768650.461 0.0,341652.098 2771396.454 14.859
111_F_BUILD_97232087_0.gml,341634.248 2768657.891 0.0,344166.03 2771456.279 58.75
111_F_BUILD_97232088_0.gml,344159.832 2768698.805 0.0,344629.326 2769220.592 7.01
111_F_BUILD_97232089_0.gml,347956.272 2768720.676 0.0,348738.949 2768919.075 7.01
111_F_BUILD_97232091_0.gml,326971.997 2765821.162 0.0,329021.342 2768524.017 16.002
111_F_BUILD_97232092_0.gml,329079.479 2765892.696 0.0,331560.617 2768190.7 13.411
111_F_BUILD_97232093_0.gml,331550.978 2765851.586 0.0,333931.578 2768533.199 10.643
111_F_BUILD_97232094_0.gml,334094.497 2765852.484 0.0,336528.895 2768431.474 9.754
111_F_BUILD_97232095_0.gml,336614.295 2765902.953 0.0,339097.86 2768651.978 12.776
111_F_BUILD_97232096_0.gml,339115.932 2765974.105 0.0,341684.339 2768672.122 10.211
111_F_BUILD_97232097_0.gml,341636.448 2765964.041 0.0,344186.244 2768675.482 9.982
111_F_BUILD_97232098_0.gml,344163.087 2765984.199 0.0,346700.615 2768534.301 7.01
111_F_BUILD_97232099_0.gml,346742.309 2765942.825 0.0,349032.869 2768721.172 13.64
111_F_BUILD_97232100_0.gml,349219.084 2766232.442 0.0,351543.012 2768636.935 7.01
111_F_BUILD_97233001_0.gml,301177.58 2790617.578 0.0,303703.936 2793397.064 20.371
111_F_BUILD_97233002_0.gml,303705.29 2790680.26 0.0,306191.359 2793379.148 16.51
111_F_BUILD_97233003_0.gml,306270.291 2792147.376 0.0,308747.904 2793403.473 12.878
111_F_BUILD_97233004_0.gml,308746.517 2790645.709 0.0,311265.4 2793414.18 17.501
111_F_BUILD_97233005_0.gml,311253.172 2790651.809 0.0,313788.736 2793428.213 36.119
111_F_BUILD_97233006_0.gml,313771.02 2790655.127 0.0,315729.988 2793367.167 45.491
111_F_BUILD_97233011_0.gml,301187.094 2787843.532 0.0,303666.125 2790624.05 36.805
111_F_BUILD_97233012_0.gml,303759.363 2788055.58 0.0,305948.001 2790523.075 20.32
111_F_BUILD_97233013_0.gml,308545.095 2788738.73 0.0,308566.257 2788752.75 4.693
111_F_BUILD_97233014_0.gml,308875.171 2787883.185 0.0,311261.789 2790639.35 43.561
111_F_BUILD_97233015_0.gml,311266.837 2787921.815 0.0,313801.116 2790664.948 34.976
111_F_BUILD_97233016_0.gml,313768.1 2787894.589 0.0,316330.221 2790686.471 38.506
111_F_BUILD_97233016_1.gml,313936.948 2789245.366 0.0,315142.955 2790285.327 17.501
111_F_BUILD_97233017_0.gml,316299.557 2787941.452 0.0,318352.336 2788963.55 52.273
111_F_BUILD_97233018_0.gml,318902.648 2787917.83 0.0,320349.548 2789646.673 35.001
111_F_BUILD_97233021_0.gml,301204.86 2785105.681 0.0,303429.002 2787846.171 9.83
111_F_BUILD_97233024_0.gml,308766.375 2785425.81 0.0,310693.997 2787889.539 10.16
111_F_BUILD_97233025_0.gml,311356.149 2785125.983 0.0,313809.761 2787845.854 11.024
111_F_BUILD_97233026_0.gml,313821.683 2785127.892 0.0,316326.709 2787907.164 19.71
111_F_BUILD_97233027_0.gml,316354.606 2785147.221 0.0,318871.263 2787912.269 59.512
111_F_BUILD_97233028_0.gml,318831.666 2785160.724 0.0,321202.882 2787931.145 70.002
111_F_BUILD_97233034_0.gml,310390.93 2782344.9 0.0,311154.583 2783427.462 7.01
111_F_BUILD_97233035_0.gml,311426.531 2782350.682 0.0,313829.006 2785127.471 16.789
111_F_BUILD_97233036_0.gml,313821.199 2782427.553 0.0,316295.373 2785133.15 13.36
111_F_BUILD_97233037_0.gml,316353.592 2783741.291 0.0,318861.076 2785144.393 13.614
111_F_BUILD_97233038_0.gml,318886.938 2784117.603 0.0,319264.896 2785144.029 13.995
111_F_BUILD_97233044_0.gml,310672.551 2779784.119 0.0,311278.227 2782348.251 14.275
111_F_BUILD_97233045_0.gml,311354.981 2779611.932 0.0,313428.082 2782319.322 10.236
111_F_BUILD_97233046_0.gml,314116.595 2779600.503 0.0,314864.765 2780056.444 10.49
111_F_BUILD_97233054_0.gml,310332.389 2777939.219 0.0,311303.661 2779306.611 33.68
111_F_BUILD_97233055_0.gml,311332.287 2776837.439 0.0,313849.473 2779579.191 24.536
111_F_BUILD_97233056_0.gml,313810.784 2776814.388 0.0,315461.258 2779369.006 32.029
111_F_BUILD_97233060_0.gml,325681.586 2777297.916 0.0,326407.776 2778176.405 4.267
111_F_BUILD_97233065_0.gml,312612.928 2774036.461 0.0,313861.906 2776818.992 94.488
111_F_BUILD_97233066_0.gml,313849.355 2774035.267 0.0,316407.294 2776839.74 92.507
111_F_BUILD_97233067_0.gml,316387.976 2774046.271 0.0,318930.806 2775777.455 109.728
111_F_BUILD_97233068_0.gml,318889.282 2774061.737 0.0,319008.696 2774312.106 107.848
111_F_BUILD_97233075_0.gml,312177.227 2771267.151 0.0,313886.96 2774047.082 92.888
111_F_BUILD_97233076_0.gml,313825.599 2771288.001 0.0,316403.91 2774058.689 168.504
111_F_BUILD_97233076_1.gml,313857.98 2771775.926 0.0,316459.545 2774053.711 97.993
111_F_BUILD_97233077_0.gml,316355.029 2771286.145 0.0,318921.155 2774144.976 138.963
111_F_BUILD_97233077_1.gml,316391.283 2773509.04 0.0,318857.182 2773819.968 72.593
111_F_BUILD_97233078_0.gml,318911.841 2771336.404 0.0,321424.32 2774083.007 36.297
111_F_BUILD_97233079_0.gml,321439.832 2771642.563 0.0,322814.236 2773201.615 12.827
111_F_BUILD_97233085_0.gml,312218.655 2769819.179 0.0,313983.983 2771295.45 75.87
111_F_BUILD_97233086_0.gml,313828.554 2768546.486 0.0,316342.739 2771295.219 54.026
111_F_BUILD_97233087_0.gml,316475.014 2768539.472 0.0,318820.232 2771297.755 16.154
111_F_BUILD_97233088_0.gml,318968.658 2768546.011 0.0,321293.514 2771325.407 16.916
111_F_BUILD_97233089_0.gml,321474.52 2768548.853 0.0,323982.315 2771299.737 16.561
111_F_BUILD_97233090_0.gml,323921.026 2768559.352 0.0,326496.875 2770992.423 23.571
111_F_BUILD_97233091_0.gml,301278.508 2765683.631 0.0,303380.071 2767970.129 108.509
111_F_BUILD_97233091_1.gml,301263.562 2765690.377 0.0,303087.229 2767878.015 91.008
111_F_BUILD_97233091_2.gml,301250.514 2765694.967 0.0,302676.634 2767878.535 97.993
111_F_BUILD_97233091_3.gml,301270.386 2765669.383 0.0,303619.57 2768000.744 87.503
111_F_BUILD_97233094_0.gml,310191.213 2765717.19 0.0,311382.838 2767881.703 83.185
111_F_BUILD_97233095_0.gml,311356.746 2765721.016 0.0,313903.936 2768377.172 56.947
111_F_BUILD_97233096_0.gml,313885.059 2765729.549 0.0,316405.399 2768509.364 46.076
111_F_BUILD_97233097_0.gml,316443.769 2765781.943 0.0,318941.6 2768421.939 19.253
111_F_BUILD_97233098_0.gml,318950.379 2765774.876 0.0,321465.838 2768494.905 20.345
111_F_BUILD_97233099_0.gml,321461.072 2765820.688 0.0,323979.221 2768566.262 16.231
111_F_BUILD_97233100_0.gml,323991.832 2765798.382 0.0,326333.949 2768532.064 19.101
111_F_BUILD_97234072_0.gml,304016.751 2798926.917 0.0,304047.049 2798945.877 7.518
111_F_BUILD_97234081_0.gml,301164.435 2796132.943 0.0,303687.455 2797818.466 25.603
111_F_BUILD_97234082_0.gml,303682.567 2796158.124 0.0,306206.639 2798931.484 22.352
111_F_BUILD_97234083_0.gml,306172.737 2796172.99 0.0,308718.525 2798865.98 24.511
111_F_BUILD_97234084_0.gml,308712.4 2796195.67 0.0,311232.685 2798450.815 43.663
111_F_BUILD_97234085_0.gml,311248.409 2796627.945 0.0,312156.837 2796971.721 13.995
111_F_BUILD_97234091_0.gml,301162.212 2793382.88 0.0,303699.586 2796160.827 17.704
111_F_BUILD_97234092_0.gml,303683.462 2793463.132 0.0,306188.547 2796208.371 19.177
111_F_BUILD_97234093_0.gml,306220.686 2793407.202 0.0,308727.24 2796176.198 12.649
111_F_BUILD_97234094_0.gml,308719.818 2793434.583 0.0,311245.902 2796195.827 29.921
111_F_BUILD_97234095_0.gml,311245.576 2793487.58 0.0,313769.425 2796008.404 23.444
111_F_BUILD_97234096_0.gml,313760.743 2793596.135 0.0,313835.548 2794464.598 7.188
112_O_BUILD_95221057_0.gml,241087.445 2748978.877 0.0,242911.671 2749332.263 27.915
112_O_BUILD_95221067_0.gml,241178.397 2746281.886 0.0,243237.383 2748977.622 61.925
112_O_BUILD_95221067_1.gml,240946.116 2746183.574 0.0,243247.945 2748969.56 59.411
112_O_BUILD_95221067_2.gml,242269.007 2746712.781 0.0,243239.765 2749022.016 52.73
112_O_BUILD_95221068_0.gml,243230.251 2746204.842 0.0,245763.946 2748921.317 56.388
112_O_BUILD_95221068_1.gml,243215.851 2746229.572 0.0,245742.643 2748875.439 56.515
112_O_BUILD_95221068_2.gml,243228.334 2747834.785 0.0,244321.633 2748862.673 34.442
112_O_BUILD_95221069_0.gml,245753.529 2746195.775 0.0,248288.51 2747159.53 58.598
112_O_BUILD_95221069_1.gml,245758.733 2746206.563 0.0,248239.39 2746927.249 25.222
112_O_BUILD_95221070_0.gml,248287.181 2746235.082 0.0,248709.122 2746878.518 9.474
112_O_BUILD_95221076_0.gml,240625.635 2745407.188 0.0,240680.285 2745662.117 5.994
112_O_BUILD_95221077_0.gml,240713.238 2743448.614 0.0,243236.068 2746230.942 20.904
112_O_BUILD_95221077_1.gml,241389.726 2743431.063 0.0,243237.661 2745061.909 22.987
112_O_BUILD_95221078_0.gml,243941.237 2743420.034 0.0,245778.392 2746217.084 58.293
112_O_BUILD_95221078_1.gml,244316.791 2743777.502 0.0,245774.327 2744399.933 67.564
112_O_BUILD_95221078_2.gml,244325.228 2744190.883 0.0,245764.272 2745055.647 52.553
112_O_BUILD_95221078_3.gml,243267.017 2743439.675 0.0,245768.672 2746221.974 51.333
112_O_BUILD_95221078_4.gml,243218.189 2743611.925 0.0,245394.107 2745090.64 44.856
112_O_BUILD_95221078_5.gml,243231.255 2743411.824 0.0,245630.73 2743690.967 59.614
112_O_BUILD_95221079_0.gml,245752.024 2743433.814 0.0,248029.179 2746225.475 92.532
112_O_BUILD_95221079_1.gml,245752.97 2743436.542 0.0,247987.992 2746191.573 68.707
112_O_BUILD_95221079_10.gml,246852.106 2744409.241 0.0,248293.054 2745335.977 104.597
112_O_BUILD_95221079_11.gml,246401.1 2743800.351 0.0,248291.376 2745288.532 69.799
112_O_BUILD_95221079_12.gml,246386.064 2743671.281 0.0,248299.366 2744450.944 118.948
112_O_BUILD_95221079_13.gml,245799.073 2743421.328 0.0,248294.491 2745600.782 95.707
112_O_BUILD_95221079_14.gml,247035.814 2743926.119 0.0,248289.221 2744427.439 19.329
112_O_BUILD_95221079_2.gml,245751.18 2744006.654 0.0,246891.764 2744658.55 94.234
112_O_BUILD_95221079_3.gml,245751.749 2744380.321 0.0,246936.537 2744897.448 79.019
112_O_BUILD_95221079_4.gml,245754.943 2744631.36 0.0,246987.186 2745266.04 75.26
112_O_BUILD_95221079_5.gml,245743.156 2745023.806 0.0,248057.637 2745457.58 96.723
112_O_BUILD_95221079_6.gml,245752.754 2745244.519 0.0,248021.315 2745877.644 58.75
112_O_BUILD_95221079_7.gml,245754.587 2745619.23 0.0,247993.752 2746100.857 76.987
112_O_BUILD_95221079_8.gml,245747.809 2745841.423 0.0,247880.692 2746232.934 77.064
112_O_BUILD_95221079_9.gml,245765.952 2743438.064 0.0,248298.228 2746215.762 104.8
112_O_BUILD_95221080_0.gml,248264.922 2743489.623 0.0,250799.656 2746151.141 70.307
112_O_BUILD_95221080_1.gml,248272.805 2743664.361 0.0,250819.629 2745288.443 66.65
112_O_BUILD_95221080_2.gml,248280.851 2743422.544 0.0,250820.454 2744450.998 90.602
112_O_BUILD_95221080_3.gml,248285.659 2743421.067 0.0,250801.657 2745596.003 78.13
112_O_BUILD_95221087_0.gml,241600.546 2740732.494 0.0,243253.972 2743163.235 42.647
112_O_BUILD_95221087_1.gml,241317.662 2740675.672 0.0,243239.249 2743461.755 56.261
112_O_BUILD_95221087_2.gml,241344.422 2740667.557 0.0,243236.012 2742992.894 31.115
112_O_BUILD_95221088_0.gml,243223.033 2740667.926 0.0,245758.686 2743199.889 59.411
112_O_BUILD_95221088_1.gml,243212.376 2740864.988 0.0,245753.475 2743099.592 47.828
112_O_BUILD_95221088_2.gml,243224.003 2740662.195 0.0,245808.088 2743464.712 59.411
112_O_BUILD_95221088_3.gml,243223.866 2741923.126 0.0,245773.323 2743480.771 57.683
112_O_BUILD_95221088_4.gml,243262.877 2743324.216 0.0,245595.714 2743457.869 56.921
112_O_BUILD_95221089_0.gml,245748.43 2740657.645 0.0,248288.788 2743460.45 67.31
112_O_BUILD_95221089_1.gml,245870.724 2741585.257 0.0,248298.203 2743388.664 44.145
112_O_BUILD_95221089_2.gml,245876.686 2742494.685 0.0,248286.224 2743466.904 63.068
112_O_BUILD_95221089_3.gml,245928.437 2741979.872 0.0,248262.627 2743401.693 52.857
112_O_BUILD_95221089_4.gml,245946.952 2741227.726 0.0,248292.942 2743030.535 52.172
112_O_BUILD_95221089_5.gml,245946.18 2740742.501 0.0,248294.947 2742784.111 43.612
112_O_BUILD_95221089_6.gml,245796.365 2740667.049 0.0,248264.173 2743419.68 30.48
112_O_BUILD_95221089_7.gml,246193.212 2740741.767 0.0,248289.53 2743449.989 59.411
112_O_BUILD_95221090_0.gml,248261.425 2740788.536 0.0,250870.622 2743459.648 80.239
112_O_BUILD_95221090_1.gml,248278.02 2740651.854 0.0,250829.74 2743439.191 62.713
112_O_BUILD_95221090_2.gml,248283.666 2741018.99 0.0,250817.932 2741761.69 53.162
112_O_BUILD_95221096_0.gml,240220.946 2737898.379 0.0,240708.676 2739695.809 43.713
112_O_BUILD_95221097_0.gml,240689.052 2737898.766 0.0,243233.165 2740678.865 42.164
112_O_BUILD_95221097_1.gml,240703.692 2738616.192 0.0,241611.718 2740644.149 27.178
112_O_BUILD_95221098_0.gml,243227.439 2737898.608 0.0,245762.998 2740703.291 62.23
112_O_BUILD_95221098_1.gml,243308.694 2738611.407 0.0,245758.144 2740255.811 46.99
112_O_BUILD_95221099_0.gml,245754.352 2738123.38 0.0,248290.946 2740678.79 48.743
112_O_BUILD_95221099_1.gml,246011.705 2739240.281 0.0,248288.739 2740646.109 52.756
112_O_BUILD_95221099_2.gml,245847.148 2738856.609 0.0,248152.643 2740627.904 52.451
112_O_BUILD_95221100_0.gml,248282.345 2740023.722 0.0,248901.33 2740675.497 38.71
112_O_BUILD_95222005_0.gml,238013.558 2736263.899 0.0,238171.219 2736401.515 11.735
112_O_BUILD_95222006_0.gml,238263.307 2736339.782 0.0,240718.802 2737913.358 26.01
112_O_BUILD_95222007_0.gml,240690.584 2735144.957 0.0,243236.411 2737919.798 28.55
112_O_BUILD_95222007_1.gml,240700.616 2735140.003 0.0,243222.231 2737794.615 27.915
112_O_BUILD_95222008_0.gml,243221.338 2735217.275 0.0,245652.69 2737903.81 20.041
112_O_BUILD_95222017_0.gml,241382.417 2734204.137 0.0,243193.704 2735151.655 45.695
112_O_BUILD_95222018_0.gml,243247.749 2734019.191 0.0,243771.339 2734908.955 16.205
112_O_BUILD_96224071_0.gml,250808.799 2743443.75 0.0,252589.133 2744859.403 19.812
112_O_BUILD_96224081_0.gml,250802.013 2740555.62 0.0,252804.14 2743446.546 134.391
112_O_BUILD_96224081_1.gml,250798.752 2741030.606 0.0,252794.563 2743030.199 101.397
112_O_BUILD_96224081_2.gml,250808.839 2740637.584 0.0,252946.632 2741983.968 94.463
112_O_BUILD_96224081_3.gml,250798.804 2741611.498 0.0,252695.4 2742004.153 102.362
112_O_BUILD_96224081_4.gml,250812.142 2741366.52 0.0,252743.375 2741848.883 105.562
112_O_BUILD_96224081_5.gml,250803.416 2740654.419 0.0,253084.582 2743265.998 109.195
112_O_BUILD_96224091_0.gml,250814.917 2738782.545 0.0,253320.412 2740770.214 74.93
